ABOX;TBOX;POS;ABox_size;ABox_load_time;Conflicts_size;Conflicts_time;pi_repair_size;pi_repair_time;pi_repair_total_time;cl_ABox_size;cl_ABox_time;all_supports_size;all_supports_time;cpi_repair_size;cpi_repair_time;cpi_repair_total_time;cl-ABox_size;cl-ABox_time;cl_pi_repair_size;cl_pi_repair_time;supports_time;cpi_repair++_size;cpi_repair++_time;cpi_repair++_total_time;only cpi-repair
university0.5_p_0.000005.db;lubm-ex-20_disjoint.owl;pos50_prob_0.1;9156;0.0590000152587891;93;1.29100012779236;0;0.0549998283386231;1.40499997138977;25337;1.38499999046326;29034;25.9090001583099;0;0.628999948501587;29.0650000572205;16181;1.34299993515015;0;1.27699995040894;24.7969999313354;0;0.161999940872192;28.9459998607635;0
university0.5_p_0.000005.db;lubm-ex-20_disjoint.owl;pos50_prob_0.2;9156;0.0230000019073486;2;1.27999997138977;524;0.0439999103546143;1.34699988365173;25337;1.23000001907349;27193;25.3719999790192;1794;0.168999910354614;27.8450000286102;16181;1.82699990272522;1242;1.58200001716614;22.4129998683929;1794;0.0360000133514404;26.9409999847412;28
university0.5_p_0.000005.db;lubm-ex-20_disjoint.owl;pos50_prob_0.3;9156;0.0280001163482666;75;1.05599999427795;4406;0.122999906539917;1.20700001716614;25337;1.33800005912781;26185;24.875;13320;0.606000185012817;27.9020001888275;16181;1.33899998664856;8917;3.46799993515015;11.3870000839233;13323;0.0329999923706055;17.5299999713898;0
university0.5_p_0.000005.db;lubm-ex-20_disjoint.owl;pos50_prob_0.4;9156;0.0369999408721924;57;1.06200003623962;4273;0.111000061035156;1.21000003814697;25337;1.25;25979;24.7860000133514;12985;0.573999881744385;27.731999874115;16181;1.34999990463257;8716;3.33400011062622;11.614000082016;12989;0.0319998264312744;17.5039999485016;0
university0.5_p_0.000005.db;lubm-ex-20_disjoint.owl;pos50_prob_0.5;9156;0.0239999294281006;24;1.08000016212463;1480;0.0550000667572022;1.15900015830994;25337;1.34200000762939;25729;24.6510000228882;4812;0.302000045776367;27.5540001392365;16181;1.42499995231628;3332;2.1010000705719;19.5139999389648;4812;0.0329999923706055;24.183000087738;0
university0.5_p_0.000005.db;lubm-ex-20_disjoint.owl;pos50_prob_0.6;9156;0.0269999504089355;7;1.08599996566772;5152;0.0680000782012939;1.18099999427795;25337;1.32499980926514;25730;24.9539999961853;15306;0.236000061035156;27.4909999370575;16181;1.34700012207031;10154;3.70099997520447;9.88699984550476;15306;0.0230000019073486;16.1429998874664;0
university0.5_p_0.000005.db;lubm-ex-20_disjoint.owl;pos50_prob_0.7;9156;0.0410001277923584;1;1.07699990272522;3498;0.0810000896453857;1.19900012016296;25337;1.32800006866455;25568;24.9349999427795;10859;0.18500018119812;27.4710001945496;16181;1.29000020027161;7361;2.91300010681152;13.3519999980927;10859;0.0260000228881836;18.7300000190735;0
university0.5_p_0.000005.db;lubm-ex-20_disjoint.owl;pos50_prob_0.8;9156;0.0289998054504395;54;1.05700016021729;4712;0.0950000286102295;1.18099999427795;25337;1.37399983406067;25501;24.8739998340607;14185;0.549000024795532;27.8479998111725;16181;1.44000005722046;9478;3.4779999256134;10.6010000705719;14190;0.0409998893737793;16.7400000095367;0
university0.5_p_0.000005.db;lubm-ex-20_disjoint.owl;pos50_prob_0.9;9156;0.0559999942779541;1;1.10500001907349;4989;0.0559999942779541;1.21700000762939;25337;1.30400013923645;25475;25.3589999675751;14939;0.275000095367432;27.9480001926422;16181;1.38199996948242;9956;3.68899989128113;10.2060000896454;14945;0.0250000953674316;16.5190000534058;0
university0.5_p_0.000005.db;lubm-ex-20_disjoint.owl;pos100_prob_0.1;9156;0.0520000457763672;4;1.16199994087219;0;0.103999853134155;1.31799983978271;25337;1.31500005722046;27269;24.9880001544952;33;0.188999891281128;27.5629999637604;16181;1.36300015449524;0;1.31299996376038;24.3099999427795;33;0.0520000457763672;28.1740000247955;33
university0.5_p_0.000005.db;lubm-ex-20_disjoint.owl;pos100_prob_0.2;9156;0.060999870300293;2;1.0310001373291;0;0.0539999008178711;1.14599990844727;25337;1.25;26396;25.7870001792908;0;0.18399977684021;28.2349998950958;16181;1.31500005722046;0;1.26300001144409;24.422000169754;0;0.0509998798370361;28.1549999713898;0
university0.5_p_0.000005.db;lubm-ex-20_disjoint.owl;pos100_prob_0.3;9156;0.0239999294281006;1;1.18700003623962;84;0.0550000667572022;1.26600003242493;25337;1.38800001144409;25925;25.5409998893738;301;0.154000043869019;28.1449999809265;16181;1.55399990081787;217;1.30999994277954;24.6389999389648;301;0.0339999198913574;28.7709999084473;0
university0.5_p_0.000005.db;lubm-ex-20_disjoint.owl;pos100_prob_0.4;9156;0.0550000667572022;39;0.994999885559082;3391;0.0920000076293945;1.14199995994568;25337;1.29299998283386;25648;24.7109999656677;10518;0.565000057220459;27.6620001792908;16181;1.40799999237061;7129;2.81200003623962;13.7200000286102;10520;0.0319998264312744;19.1499998569489;0
university0.5_p_0.000005.db;lubm-ex-20_disjoint.owl;pos100_prob_0.5;9156;0.0199999809265137;49;1.12199997901917;3921;0.141000032424927;1.28299999237061;25337;1.30699992179871;25587;27.0549998283386;12068;0.669000148773193;30.0469999313354;16181;1.43899989128113;8149;3.1639997959137;13.6910002231598;12070;0.0329999923706055;19.5970001220703;0
university0.5_p_0.000005.db;lubm-ex-20_disjoint.owl;pos100_prob_0.6;9156;0.0490000247955322;9;1.09099984169006;8078;0.101000070571899;1.2409999370575;25337;1.36899995803833;25487;24.9019999504089;22731;0.27999997138977;27.6489999294281;16181;1.39100003242493;14662;5.27700018882751;3.40499997138977;22740;0.0249998569488525;11.2639999389648;0
university0.5_p_0.000005.db;lubm-ex-20_disjoint.owl;pos100_prob_0.7;9156;0.0239999294281006;11;1.11199998855591;1016;0.0680000782012939;1.2039999961853;25337;1.41400003433228;25475;24.9260001182556;3365;0.351999998092651;27.7430000305176;16181;1.35300016403198;2349;1.77199983596802;21.1419999599457;3365;0.0329999923706055;25.548999786377;0
university0.5_p_0.000005.db;lubm-ex-20_disjoint.owl;pos100_prob_0.8;9156;0.0569999217987061;1;1.08500003814697;1633;0.0469999313354492;1.18899989128113;25337;1.3659999370575;25443;25.0659999847412;5375;0.171999931335449;27.6889998912811;16181;1.46799993515015;3742;2.05599999427795;19.0840001106262;5375;0.0289998054504395;23.7819998264313;0
university0.5_p_0.000005.db;lubm-ex-20_disjoint.owl;pos100_prob_0.9;9156;0.0420000553131104;1;1.09999990463257;2051;0.0570001602172852;1.19900012016296;25337;1.35399985313416;25422;25.1000001430511;6602;0.171999931335449;27.7300000190735;16181;1.36299991607666;4552;2.33200001716614;17.625;6603;0.0290000438690186;22.5299999713898;0
university0.5_p_0.000005.db;lubm-ex-20_disjoint.owl;pos500_prob_0.1;9156;0.0199999809265137;38;1.09099984169006;2688;0.254000186920166;1.36500000953674;25337;1.46700000762939;25955;25.2139999866486;8489;1.46199989318848;29.2449998855591;16181;1.34800004959106;5802;2.66799998283386;15.8529999256134;8490;0.139000177383423;21.451000213623;0
university0.5_p_0.000005.db;lubm-ex-20_disjoint.owl;pos500_prob_0.2;9156;0.0210001468658447;29;1.24699997901917;2454;0.226999998092651;1.49600005149841;25337;1.45099997520447;25549;25.4530000686645;7802;1.28399991989136;29.191999912262;16181;1.42199993133545;5349;2.55800008773804;16.8519999980927;7803;0.13100004196167;22.3320000171661;0
university0.5_p_0.000005.db;lubm-ex-20_disjoint.owl;pos500_prob_0.3;9156;0.0659999847412109;2;1.13199996948242;75;0.154000043869019;1.35199999809265;25337;1.38899993896484;25434;25.3960001468658;264;0.300999879837036;28.2400000095367;16181;1.37400007247925;189;1.26100015640259;24.2919998168945;264;0.142000198364258;28.4850001335144;0
university0.5_p_0.000005.db;lubm-ex-20_disjoint.owl;pos500_prob_0.4;9156;0.0540001392364502;1;1.11999988555908;2168;0.170000076293945;1.34400010108948;25337;1.38199996948242;25411;25.2000000476837;6906;0.275000095367432;27.9869999885559;16181;1.33800005912781;4740;2.44700002670288;17.691999912262;6908;0.121000051498413;22.8229999542236;0
university0.5_p_0.000005.db;lubm-ex-20_disjoint.owl;pos500_prob_0.5;9156;0.0260000228881836;1;1.12800002098084;3317;0.168999910354614;1.32299995422363;25337;1.43200016021729;25389;25.5950000286102;10338;0.260999917984009;28.4630000591278;16181;1.39900016784668;7022;2.9539999961853;14.1170001029968;10339;0.0839998722076416;19.856999874115;0
university0.5_p_0.000005.db;lubm-ex-20_disjoint.owl;pos500_prob_0.6;9156;0.0249998569488525;1;1.10800004005432;2846;0.157999992370605;1.29099988937378;25337;1.36100006103516;25377;25.1610000133514;8975;0.353000164031982;27.9420001506805;16181;1.3050000667572;6132;2.61699986457825;15.2220001220703;8978;0.101000070571899;20.5390000343323;0
university0.5_p_0.000005.db;lubm-ex-20_disjoint.owl;pos500_prob_0.7;9156;0.0430002212524414;4;1.13399982452393;4563;0.169000148773193;1.34600019454956;25337;1.43099999427795;25361;25.0889999866486;13843;0.309999942779541;27.9319999217987;16181;1.29999995231628;9285;3.50699996948242;11.2389998435974;13848;0.0460000038146973;17.3450000286102;0
university0.5_p_0.000005.db;lubm-ex-20_disjoint.owl;pos500_prob_0.8;9156;0.0209999084472656;5;1.16900014877319;4308;0.184999942779541;1.375;25337;1.25399994850159;25363;25.6039998531342;13064;0.480999946594238;28.4039998054504;16181;1.61899995803833;8761;3.28999996185303;11.8220000267029;13069;0.0390000343322754;18.1800000667572;0
university0.5_p_0.000005.db;lubm-ex-20_disjoint.owl;pos500_prob_0.9;9156;0.0220000743865967;3;1.07799983024597;3438;0.192000150680542;1.29200005531311;25337;1.4449999332428;25346;25.5089998245239;10638;0.340000152587891;28.3880000114441;16181;1.34700012207031;7204;3.08299994468689;13.7070000171661;10642;0.0239999294281006;19.4319999217987;0
university0.5_p_0.00001.db;lubm-ex-20_disjoint.owl;pos50_prob_0.1;9158;0.0399999618530273;172;1.16700005531311;0;0.062999963760376;1.26999998092651;25345;1.40199995040894;29049;26.7200000286102;0;1.31299996376038;30.5540001392364;16187;1.49100017547607;0;1.47499990463257;26.4769999980926;0;0.311000108718872;30.9450001716614;0
university0.5_p_0.00001.db;lubm-ex-20_disjoint.owl;pos50_prob_0.2;9158;0.0349998474121094;28;1.33300018310547;0;0.0749998092651367;1.44299983978271;25345;1.37400007247925;27214;25.6299998760223;0;0.368000030517578;28.5590000152588;16187;1.43899989128113;0;1.30999994277954;24.9790000915527;0;0.0869998931884766;28.9479999542236;0
university0.5_p_0.00001.db;lubm-ex-20_disjoint.owl;pos50_prob_0.3;9158;0.0340001583099365;50;1.19599986076355;2579;0.103000164031982;1.33300018310547;25345;1.46199989318848;26242;28.9000000953674;8192;0.57699990272522;32.1389999389648;16187;1.54099988937378;5614;3.05800008773804;18.6429998874664;8193;0.0510001182556152;24.6100001335144;0
university0.5_p_0.00001.db;lubm-ex-20_disjoint.owl;pos50_prob_0.4;9158;0.0490000247955322;1;1.17799997329712;1415;0.0680000782012939;1.29500007629395;25345;1.41799998283386;26002;25.8680000305176;4630;0.220000028610229;28.5980000495911;16187;1.43700003623962;3215;1.93799996376038;20.6449999809265;4630;0.0379998683929443;25.3120000362396;0
university0.5_p_0.00001.db;lubm-ex-20_disjoint.owl;pos50_prob_0.5;9158;0.0380001068115234;20;1.16599988937378;342;0.0490000247955322;1.25399994850159;25345;1.54299998283386;25787;25.8860001564026;1204;0.281999826431274;28.9429998397827;16187;1.48000001907349;862;1.62899994850159;24.3600001335144;1204;0.0389997959136963;28.6610000133514;0
university0.5_p_0.00001.db;lubm-ex-20_disjoint.owl;pos50_prob_0.6;9158;0.0429999828338623;9;1.19700002670288;552;0.0520000457763672;1.29200005531311;25345;1.36300015449524;25765;25.1350002288818;1835;0.233999967575073;27.8000001907349;16187;1.39200019836426;1283;1.58999991416931;22.7309999465942;1835;0.0329999923706055;26.8619999885559;0
university0.5_p_0.00001.db;lubm-ex-20_disjoint.owl;pos50_prob_0.7;9158;0.0409998893737793;26;1.3270001411438;1907;0.0979998111724854;1.46599984169006;25345;1.52999997138977;25596;28.0599999427795;6198;0.352999925613403;31.1080000400543;16187;1.36199998855591;4292;2.61899995803833;20.5620000362396;6199;0.0469999313354492;25.9500000476837;0
university0.5_p_0.00001.db;lubm-ex-20_disjoint.owl;pos50_prob_0.8;9158;0.0299999713897705;1;1.25699996948242;0;0.0590000152587891;1.34599995613098;25345;1.33999991416931;25531;27.2549998760223;0;0.167999982833862;29.9739999771118;16187;1.46000003814697;0;1.30000019073486;25.7409999370575;0;0.0339999198913574;29.7230000495911;0
university0.5_p_0.00001.db;lubm-ex-20_disjoint.owl;pos50_prob_0.9;9158;0.0309998989105225;73;1.20300006866455;5344;0.0980000495910645;1.33200001716614;25345;1.42300009727478;25460;27.3050000667572;15854;0.805999994277954;30.5610001087189;16187;1.61800003051758;10515;4.28099989891052;10.8529999256134;15859;0.0270001888275146;18.1530001163483;0
university0.5_p_0.00001.db;lubm-ex-20_disjoint.owl;pos100_prob_0.1;9158;0.0729999542236328;146;1.33100008964539;1044;0.0969998836517334;1.50099992752075;25345;1.41600012779236;27231;28.0130000114441;3553;1.54400014877319;32.1790001392364;16187;1.51699995994568;2509;1.76099991798401;22.7650001049042;3553;0.204999923706055;27.6419999599457;0
university0.5_p_0.00001.db;lubm-ex-20_disjoint.owl;pos100_prob_0.2;9158;0.0350000858306885;3;1.23699998855591;1544;0.108000040054321;1.38000011444092;25345;1.53200006484985;26404;29.5729999542236;4978;0.183000087738037;32.4920001029968;16187;1.32800006866455;3434;2.12400007247925;20.8090000152588;4978;0.0399999618530273;25.5369999408722;0
university0.5_p_0.00001.db;lubm-ex-20_disjoint.owl;pos100_prob_0.3;9158;0.0250000953674316;50;1.19099998474121;2045;0.0989999771118164;1.31500005722046;25345;1.43400001525879;25900;25.7349998950958;6654;0.72000002861023;28.9920001029968;16187;1.44099998474121;4610;2.53600001335144;20.7769999504089;6655;0.0869998931884766;26.1639997959137;0
university0.5_p_0.00001.db;lubm-ex-20_disjoint.owl;pos100_prob_0.4;9158;0.0439999103546143;1;1.36400008201599;1462;0.118000030517578;1.52600002288818;25345;2.0550000667572;25695;28.6050000190735;4798;0.193000078201294;32.4030001163483;16187;1.46099996566772;3337;2.11199998855591;21.3780000209808;4799;0.0570001602172852;26.2410001754761;0
university0.5_p_0.00001.db;lubm-ex-20_disjoint.owl;pos100_prob_0.5;9158;0.0529999732971191;18;1.54200005531311;1187;0.0889999866485596;1.68400001525879;25345;1.57699990272522;25587;27.9519999027252;3936;0.493000030517578;31.1419999599457;16187;1.91700005531311;2750;2.16199994087219;23.4300000667572;3937;0.0360000133514404;29.0439999103546;0
university0.5_p_0.00001.db;lubm-ex-20_disjoint.owl;pos100_prob_0.6;9158;0.060999870300293;19;1.74300003051758;1301;0.101999998092651;1.90599989891052;25345;1.69700002670288;25528;27.8320000171661;4264;0.397000074386597;31.2890000343323;16187;1.57500004768372;2963;2.33400011062622;23.4379999637604;4264;0.0529999732971191;28.6610000133514;0
university0.5_p_0.00001.db;lubm-ex-20_disjoint.owl;pos100_prob_0.7;9158;0.0309998989105225;43;1.45800018310547;2987;0.105999946594238;1.59500002861023;25345;1.65799999237061;25503;28.5609998703003;9396;0.630000114440918;32.1340000629425;16187;1.48099994659424;6412;3.08299994468689;16.9619998931885;9399;0.0340001583099365;22.8630001544952;0
university0.5_p_0.00001.db;lubm-ex-20_disjoint.owl;pos100_prob_0.8;9158;0.0230000019073486;3;1.19199991226196;275;0.115000009536743;1.32999992370605;25345;1.34600019454956;25437;29.0469999313354;962;0.302999973297119;31.8210000991821;16187;1.62899994850159;687;1.57300019264221;24.9119999408722;962;0.0339999198913574;29.5490000247955;0
university0.5_p_0.00001.db;lubm-ex-20_disjoint.owl;pos100_prob_0.9;9158;0.0369999408721924;26;1.31599998474121;1526;0.111000061035156;1.46399998664856;25345;1.64000010490417;25392;27.654000043869;4930;0.519999980926514;30.949000120163;16187;1.64000010490417;3404;2.0310001373291;22.8939998149872;4930;0.0320000648498535;27.8359999656677;0
university0.5_p_0.00001.db;lubm-ex-20_disjoint.owl;pos500_prob_0.1;9158;0.0429999828338623;1;1.26200008392334;1104;0.171000003814697;1.4760000705719;25345;1.40400004386902;25933;28.4390001296997;3655;0.324999809265137;31.2489998340607;16187;1.5770001411438;2551;2.18899989128113;24.8940000534058;3655;0.105000019073486;30.2980000972748;0
university0.5_p_0.00001.db;lubm-ex-20_disjoint.owl;pos500_prob_0.2;9158;0.0349998474121094;12;1.26699995994568;536;0.154000043869019;1.45599985122681;25345;1.52099990844727;25552;30.4270000457764;1833;0.953999996185303;34.1340000629425;16187;1.76800012588501;1297;1.84500002861023;27.5259997844696;1833;0.128000020980835;32.9979999065399;0
university0.5_p_0.00001.db;lubm-ex-20_disjoint.owl;pos500_prob_0.3;9158;0.0309998989105225;15;1.30900001525879;1043;0.160000085830688;1.5;25345;1.63800001144409;25450;27.4349999427795;3517;0.750999927520752;31.0599999427795;16187;1.38499999046326;2474;1.73200011253357;23.1800000667572;3517;0.0959999561309814;27.6289999485016;0
university0.5_p_0.00001.db;lubm-ex-20_disjoint.owl;pos500_prob_0.4;9158;0.0429999828338623;9;1.2189998626709;380;0.151999950408936;1.4139997959137;25345;1.62000012397766;25402;26.6210000514984;1316;0.694999933242798;30.0450000762939;16187;1.60999989509583;936;1.62400007247925;26.4019999504089;1316;0.141000032424927;31.3259999752045;0
university0.5_p_0.00001.db;lubm-ex-20_disjoint.owl;pos500_prob_0.5;9158;0.0340001583099365;2;1.32399988174438;2236;0.182000160217285;1.54000020027161;25345;1.54399991035461;25395;29.5529999732971;7162;0.332000017166138;32.7969999313354;16187;1.35400009155273;4927;2.42199993133545;19.0020000934601;7163;0.169999837875366;24.2590000629425;0
university0.5_p_0.00001.db;lubm-ex-20_disjoint.owl;pos500_prob_0.6;9158;0.0230000019073486;35;1.30299997329712;1649;0.180000066757202;1.50600004196167;25345;1.48000001907349;25373;27.7420001029968;5362;1.55499982833862;31.9979999065399;16187;1.43499994277954;3714;2.18200016021729;22.0079998970032;5363;0.0940001010894775;27.1240000724792;0
university0.5_p_0.00001.db;lubm-ex-20_disjoint.owl;pos500_prob_0.7;9158;0.0350000858306885;9;1.31899976730347;900;0.189000129699707;1.54299998283386;25345;1.5220000743866;25367;28.9519999027252;2957;0.608000040054321;32.2400000095367;16187;1.77699995040894;2057;1.78600001335144;22.1059999465942;2957;0.0910000801086426;27.1310000419617;0
university0.5_p_0.00001.db;lubm-ex-20_disjoint.owl;pos500_prob_0.8;9158;0.0570001602172852;1;1.3439998626709;848;0.163000106811523;1.56400012969971;25345;1.38599991798401;25363;27.3570001125336;2871;0.335000038146973;30.194000005722;16187;1.63499999046326;2023;1.57399988174438;22.7130000591278;2871;0.0690000057220459;27.3550000190735;0
university0.5_p_0.00001.db;lubm-ex-20_disjoint.owl;pos500_prob_0.9;9158;0.0199999809265137;1;1.26099991798401;2007;0.245000123977661;1.52699995040894;25345;1.39499998092651;25360;26.1820001602173;6504;0.366999864578247;29.0249998569489;16187;1.34599995613098;4498;2.65700006484985;18.981999874115;6505;0.0699999332427979;24.5739998817444;0
university0.5_p_0.00005.db;lubm-ex-20_disjoint.owl;pos50_prob_0.1;9193;0.0800001621246338;218;1.40399980545044;0;0.0540001392364502;1.53800010681152;25446;1.38100004196167;29099;26.430999994278;0;1.54400014877319;30.6800000667572;16255;1.49500012397766;0;1.31599998474121;25.9590001106262;0;0.388000011444092;30.5450000762939;0
university0.5_p_0.00005.db;lubm-ex-20_disjoint.owl;pos50_prob_0.2;9193;0.0340001583099365;79;1.23799991607666;0;0.0639998912811279;1.33599996566772;25446;1.33100008964539;27282;25.7920000553131;0;0.679999828338623;28.9719998836517;16255;1.43499994277954;0;1.22900009155273;27.8819999694824;0;0.122999906539917;31.8849999904633;0
university0.5_p_0.00005.db;lubm-ex-20_disjoint.owl;pos50_prob_0.3;9193;0.0409998893737793;8;1.26800012588501;0;0.057999849319458;1.36699986457825;25446;1.63699984550476;26332;26.2070000171661;0;0.198999881744385;30.9919998645782;16255;1.33800005912781;0;1.27600002288818;27.5240001678467;0;0.0419998168945313;31.4289999008179;0
university0.5_p_0.00005.db;lubm-ex-20_disjoint.owl;pos50_prob_0.4;9193;0.0260000228881836;1;1.26500010490417;184;0.0490000247955322;1.34000015258789;25446;1.47200012207031;26067;27.9909999370575;649;0.223000049591064;30.8860001564026;16255;1.78699994087219;465;1.72200012207031;26.6749999523163;649;0.0439999103546143;31.7769999504089;0
university0.5_p_0.00005.db;lubm-ex-20_disjoint.owl;pos50_prob_0.5;9193;0.0369999408721924;17;1.19800019264221;372;0.059999942779541;1.29500007629395;25446;1.3899998664856;25866;26.1950001716614;1264;0.352999925613403;29.0699999332428;16255;1.37100005149841;893;1.48899984359741;26.0310001373291;1265;0.0469999313354492;30.2260000705719;0
university0.5_p_0.00005.db;lubm-ex-20_disjoint.owl;pos50_prob_0.6;9193;0.0429999828338623;1;1.37000012397766;342;0.0869998931884766;1.5;25446;1.5;25816;26.2219998836517;1184;0.164999961853027;29.0230000019073;16255;1.41099977493286;842;1.75900006294251;24.8899998664856;1184;0.0350000858306885;29.4869999885559;0
university0.5_p_0.00005.db;lubm-ex-20_disjoint.owl;pos50_prob_0.7;9193;0.0460000038146973;4;1.27600002288818;160;0.0569999217987061;1.37899994850159;25446;1.33899998664856;25678;26.242999792099;551;0.194000005722046;28.9269998073578;16255;1.35800004005432;391;1.35999989509583;24.8450000286102;551;0.0469999313354492;28.8239998817444;0
university0.5_p_0.00005.db;lubm-ex-20_disjoint.owl;pos50_prob_0.8;9193;0.0269999504089355;13;1.16599988937378;551;0.0970001220703125;1.28999996185303;25446;1.42400002479553;25613;26.6800000667572;1884;0.227999925613403;29.4719998836517;16255;1.47299981117249;1333;1.53099989891052;25.1319999694824;1884;0.0400002002716064;29.4710001945496;0
university0.5_p_0.00005.db;lubm-ex-20_disjoint.owl;pos50_prob_0.9;9193;0.0309998989105225;5;1.29400014877319;364;0.0529999732971191;1.37800002098084;25446;1.47899985313416;25533;27.1480000019073;1274;0.216000080108643;30.0429999828339;16255;1.43899989128113;910;1.46199989318848;24.2829999923706;1274;0.0299999713897705;28.4619998931885;0
university0.5_p_0.00005.db;lubm-ex-20_disjoint.owl;pos100_prob_0.1;9193;0.0379998683929443;62;1.29200005531311;0;0.0969998836517334;1.42699980735779;25446;1.35599994659424;27293;26.4300000667572;0;0.770999908447266;29.7599999904633;16255;1.41899991035461;0;1.26200008392334;25.5770001411438;0;0.202999830245972;29.7109999656677;0
university0.5_p_0.00005.db;lubm-ex-20_disjoint.owl;pos100_prob_0.2;9193;0.0439999103546143;76;1.27900004386902;0;0.114000082015991;1.43700003623962;25446;1.35799980163574;26510;26.5429999828339;0;1.12400007247925;30.1729998588562;16255;1.39800000190735;0;1.26799988746643;25.9520001411438;0;0.128999948501587;30.0640001296997;0
university0.5_p_0.00005.db;lubm-ex-20_disjoint.owl;pos100_prob_0.3;9193;0.0230000019073486;1;1.29299998283386;0;0.057999849319458;1.37399983406067;25446;1.37899994850159;26013;26.6410000324249;0;0.200000047683716;29.3559999465942;16255;1.38299989700317;0;1.28900003433228;25.2949998378754;0;0.0460000038146973;29.2920000553131;0
university0.5_p_0.00005.db;lubm-ex-20_disjoint.owl;pos100_prob_0.4;9193;0.0420000553131104;12;1.32299995422363;277;0.065000057220459;1.4300000667572;25446;1.32100009918213;25736;27.2909998893738;963;0.361999988555908;30.1089999675751;16255;1.75099992752075;686;1.65000009536743;24.6480000019073;963;0.0420000553131104;29.6340000629425;0
university0.5_p_0.00005.db;lubm-ex-20_disjoint.owl;pos100_prob_0.5;9193;0.0339999198913574;1;1.24900007247925;688;0.065000057220459;1.34899997711182;25446;1.375;25660;27.7969999313354;2307;0.171000003814697;30.5009999275207;16255;1.41599988937378;1619;1.59500002861023;23.1119999885559;2307;0.0339999198913574;27.3559999465942;0
university0.5_p_0.00005.db;lubm-ex-20_disjoint.owl;pos100_prob_0.6;9193;0.0360000133514404;14;1.32800006866455;203;0.065000057220459;1.42900013923645;25446;1.44500017166138;25579;27.9670000076294;712;0.336999893188477;30.9760000705719;16255;1.45700001716614;509;1.4009997844696;24.7599999904633;712;0.0370001792907715;28.9860000610352;0
university0.5_p_0.00005.db;lubm-ex-20_disjoint.owl;pos100_prob_0.7;9193;0.0230000019073486;10;1.25699996948242;94;0.0690000057220459;1.34899997711182;25446;1.37999987602234;25586;26.2090001106262;336;0.322999954223633;29.0539999008179;16255;1.45700001716614;242;1.44899988174438;25.6949999332428;336;0.0420000553131104;30.0579998493195;0
university0.5_p_0.00005.db;lubm-ex-20_disjoint.owl;pos100_prob_0.8;9193;0.0250000953674316;1;1.17300009727478;283;0.060999870300293;1.2590000629425;25446;1.40599989891052;25527;28.6200001239777;946;0.270999908447266;31.4619998931885;16255;1.42499995231628;663;1.58700013160706;25.3789999485016;946;0.0339999198913574;29.7229998111725;0
university0.5_p_0.00005.db;lubm-ex-20_disjoint.owl;pos100_prob_0.9;9193;0.0409998893737793;1;1.2960000038147;460;0.0870001316070557;1.42499995231628;25446;1.56800007820129;25510;26.9979999065399;1583;0.193000078201294;30.0080001354218;16255;1.47299981117249;1123;1.72000002861023;23.316999912262;1583;0.0440001487731934;28.0199999809265;0
university0.5_p_0.00005.db;lubm-ex-20_disjoint.owl;pos500_prob_0.1;9193;0.0429999828338623;2;1.38000011444092;0;0.171000003814697;1.59400010108948;25446;1.44400000572205;25990;28.5199999809265;2;0.312000036239624;31.5969998836517;16255;1.45000004768372;0;1.2279999256134;26.2330000400543;2;0.113000154495239;30.5170001983643;2
university0.5_p_0.00005.db;lubm-ex-20_disjoint.owl;pos500_prob_0.2;9193;0.0480000972747803;5;1.2039999961853;51;0.157999992370605;1.41000008583069;25446;1.45300006866455;25696;29.3539998531342;177;0.447999954223633;32.4969999790192;16255;1.84000015258789;126;1.35000014305115;26.9739999771118;177;0.155999898910522;31.5929999351501;0
university0.5_p_0.00005.db;lubm-ex-20_disjoint.owl;pos500_prob_0.3;9193;0.0350000858306885;1;1.15399980545044;0;0.148000001907349;1.33699989318848;25446;1.38499999046326;25564;28.5960001945496;0;0.28600001335144;31.3580000400543;16255;1.48600006103516;0;1.18099999427795;25.3610000610352;0;0.128999948501587;29.4479999542236;0
university0.5_p_0.00005.db;lubm-ex-20_disjoint.owl;pos500_prob_0.4;9193;0.0449998378753662;12;1.13100004196167;399;0.13700008392334;1.31299996376038;25446;1.2739999294281;25507;27.3540000915527;1395;0.652999877929688;30.4399998188019;16255;1.63599991798401;996;1.53299999237061;24.5750000476837;1395;0.105999946594238;29.143000125885;0
university0.5_p_0.00005.db;lubm-ex-20_disjoint.owl;pos500_prob_0.5;9193;0.0329999923706055;4;1.14699983596802;153;0.145000219345093;1.32500004768372;25446;1.38299989700317;25510;26.720999956131;543;0.469000101089478;29.7309999465942;16255;1.38399982452393;390;1.38800001144409;27.4609999656677;543;0.116999864578247;31.5820000171661;0
university0.5_p_0.00005.db;lubm-ex-20_disjoint.owl;pos500_prob_0.6;9193;0.0409998893737793;13;1.11400008201599;573;0.190000057220459;1.34500002861023;25446;1.32699990272522;25479;27.4130001068115;1934;0.835999965667725;30.7009999752045;16255;1.47099995613098;1361;1.52900004386902;24.1779999732971;1934;0.124000072479248;28.7360000610352;0
university0.5_p_0.00005.db;lubm-ex-20_disjoint.owl;pos500_prob_0.7;9193;0.0450000762939453;7;1.17899990081787;545;0.162000179290771;1.38600015640259;25446;1.46199989318848;25467;28.3239998817444;1871;0.531000137329102;31.4800000190735;16255;1.44300007820129;1326;1.82699990272522;24.6979999542236;1871;0.0920000076293945;29.4560000896454;0
university0.5_p_0.00005.db;lubm-ex-20_disjoint.owl;pos500_prob_0.8;9193;0.0499999523162842;2;1.2240002155304;150;0.146999835968018;1.4210000038147;25446;1.5;25454;25.8150000572205;533;0.295000076293945;29.0050001144409;16255;1.42900013923645;383;1.36699986457825;24.5770001411438;533;0.0580000877380371;28.7670001983643;0
university0.5_p_0.00005.db;lubm-ex-20_disjoint.owl;pos500_prob_0.9;9193;0.0350000858306885;2;1.375;287;0.167999982833862;1.57800006866455;25446;1.50300002098084;25466;26.6150000095367;977;0.30400013923645;29.5360000133514;16255;1.46000003814697;690;1.41300010681152;25.4689998626709;977;0.0789999961853027;29.8479998111725;0
university0.5_p_0.0005.db;lubm-ex-20_disjoint.owl;pos50_prob_0.1;9228;0.0230000019073486;375;1.42799997329712;0;0.0639998912811279;1.5149998664856;25527;1.53399991989136;29241;27.1560001373291;0;2.5479998588562;32.539999961853;16301;1.3840000629425;0;1.3289999961853;25.7660000324249;0;0.602999925613403;30.5110001564026;0
university0.5_p_0.0005.db;lubm-ex-20_disjoint.owl;pos50_prob_0.2;9228;0.0330002307891846;96;1.30399990081787;0;0.0469999313354492;1.3840000629425;25527;1.35500001907349;27344;27.8600001335144;0;0.948999881744385;31.316999912262;16301;1.38199996948242;0;1.32000017166138;29.7779998779297;0;0.46399998664856;34.3309998512268;0
university0.5_p_0.0005.db;lubm-ex-20_disjoint.owl;pos50_prob_0.3;9228;0.0569999217987061;15;1.51300001144409;0;0.0759999752044678;1.64699983596802;25527;1.49200010299683;26467;27.444000005722;0;0.312999963760376;30.6860001087189;16301;1.47200012207031;0;1.37000012397766;25.7269999980927;0;0.060999870300293;29.9539999961853;0
university0.5_p_0.0005.db;lubm-ex-20_disjoint.owl;pos50_prob_0.4;9228;0.0569999217987061;23;1.2720000743866;163;0.065000057220459;1.39400005340576;25527;1.39900016784668;26112;28.6729998588562;565;0.320000171661377;31.6590001583099;16301;1.45300006866455;402;1.53900003433228;27.2839999198914;565;0.060999870300293;31.7139999866486;0
university0.5_p_0.0005.db;lubm-ex-20_disjoint.owl;pos50_prob_0.5;9228;0.0290000438690186;8;1.4760000705719;0;0.0590000152587891;1.56400012969971;25527;1.83099985122681;25987;28.0520000457764;0;0.273999929428101;31.4019999504089;16301;2.0019998550415;0;1.55800008773804;27.5910000801086;0;0.0429999828338623;32.7560000419617;0
university0.5_p_0.0005.db;lubm-ex-20_disjoint.owl;pos50_prob_0.6;9228;0.0269999504089355;4;1.37999987602234;0;0.157999992370605;1.56499981880188;25527;1.65200018882751;25836;28.3469998836517;0;0.16700005531311;31.4160001277924;16301;1.37100005149841;0;1.25099992752075;25.2479999065399;0;0.0410001277923584;29.199000120163;0
university0.5_p_0.0005.db;lubm-ex-20_disjoint.owl;pos50_prob_0.7;9228;0.0189998149871826;44;1.32800006866455;1102;0.0659999847412109;1.41299986839294;25527;1.39400005340576;25763;27.3129999637604;3651;0.691999912261963;30.75;16301;1.5789999961853;2549;1.98300004005432;24.1339998245239;3651;0.0460000038146973;29.3489999771118;0
university0.5_p_0.0005.db;lubm-ex-20_disjoint.owl;pos50_prob_0.8;9228;0.0369999408721924;10;1.27400016784668;181;0.0769999027252197;1.38800001144409;25527;1.49399995803833;25662;28.0800001621246;613;0.261999845504761;31.2409999370575;16301;1.65899991989136;432;1.71799993515015;25.2030000686646;613;0.0390000343322754;30.0789999961853;0
university0.5_p_0.0005.db;lubm-ex-20_disjoint.owl;pos50_prob_0.9;9228;0.0360000133514404;1;1.09999990463257;188;0.0529999732971191;1.18899989128113;25527;1.40899991989136;25648;25.9990000724792;647;0.168999910354614;28.7669999599457;16301;1.38000011444092;459;1.35500001907349;23.7330000400543;647;0.0429999828338623;27.7109999656677;0
university0.5_p_0.0005.db;lubm-ex-20_disjoint.owl;pos100_prob_0.1;9228;0.0239999294281006;92;1.29400014877319;0;0.064000129699707;1.38300013542175;25527;1.33099985122681;27507;25.2200000286102;0;1.02699995040894;28.8039999008179;16301;1.53600001335144;0;1.21900010108948;24.7509999275208;0;0.203000068664551;28.9850001335144;0
university0.5_p_0.0005.db;lubm-ex-20_disjoint.owl;pos100_prob_0.2;9228;0.0410001277923584;33;1.27199983596802;0;0.0630002021789551;1.37600016593933;25527;1.32699990272522;26547;25.194000005722;0;0.530999898910522;28.3229999542236;16301;1.40799999237061;0;1.34200000762939;24.7590000629425;0;0.0959999561309814;28.8600001335144;0
university0.5_p_0.0005.db;lubm-ex-20_disjoint.owl;pos100_prob_0.3;9228;0.0319998264312744;32;1.25300002098084;0;0.0600001811981201;1.34500002861023;25527;1.3439998626709;26124;25.5030000209808;0;0.485999822616577;28.5549998283386;16301;1.38299989700317;0;1.28900003433228;25.3229999542236;0;0.0750000476837158;29.3289999961853;0
university0.5_p_0.0005.db;lubm-ex-20_disjoint.owl;pos100_prob_0.4;9228;0.0239999294281006;6;1.20900011062622;103;0.0899999141693115;1.32299995422363;25527;1.44700002670288;25867;25.1790001392364;360;0.325000047683716;28.0960001945496;16301;1.44000005722046;257;1.33699989318848;23.989000082016;360;0.0429999828338623;28.1330001354218;0
university0.5_p_0.0005.db;lubm-ex-20_disjoint.owl;pos100_prob_0.5;9228;0.0390000343322754;25;1.25;106;0.067000150680542;1.35600018501282;25527;1.40799999237061;25745;25.3480000495911;379;0.430999994277954;28.4670000076294;16301;1.41900014877319;273;1.38700008392334;24.1099998950958;379;0.0850000381469727;28.3619999885559;0
university0.5_p_0.0005.db;lubm-ex-20_disjoint.owl;pos100_prob_0.6;9228;0.0299999713897705;16;1.23300004005432;103;0.062999963760376;1.32599997520447;25527;1.24300003051758;25670;25.7449998855591;374;0.350000143051147;28.5020000934601;16301;1.44299983978271;271;1.33700013160706;26.1989998817444;374;0.0450000762939453;30.3250000476837;0
university0.5_p_0.0005.db;lubm-ex-20_disjoint.owl;pos100_prob_0.7;9228;0.0409998893737793;1;1.32299995422363;0;0.0659999847412109;1.42999982833862;25527;1.48300004005432;25666;29.2269999980927;0;0.166999816894531;32.1819999217987;16301;1.47000002861023;0;1.32000017166138;29.7039999961853;0;0.0429999828338623;33.8910000324249;0
university0.5_p_0.0005.db;lubm-ex-20_disjoint.owl;pos100_prob_0.8;9228;0.0349998474121094;5;1.49900007247925;89;0.0769999027252197;1.61099982261658;25527;1.51900005340576;25630;29.0079998970032;316;0.19100022315979;32.018000125885;16301;1.41499996185303;227;1.29700016975403;27.0419998168945;316;0.0450000762939453;31.1289999485016;0
university0.5_p_0.0005.db;lubm-ex-20_disjoint.owl;pos100_prob_0.9;9228;0.0190000534057617;2;1.29800009727478;87;0.0709998607635498;1.38800001144409;25527;1.32200002670288;25588;27.3849999904633;318;0.164000034332275;30.0650000572205;16301;1.40199995040894;231;1.32299995422363;25.9100000858307;318;0.0409998893737793;30.0269999504089;0
university0.5_p_0.0005.db;lubm-ex-20_disjoint.owl;pos500_prob_0.1;9228;0.0280001163482666;47;1.32999992370605;0;0.145999908447266;1.50399994850159;25527;1.35199999809265;26155;26.3469998836517;0;2.16899991035461;31.2189998626709;16301;1.39800000190735;0;1.23800015449524;26.4279999732971;0;0.227999925613403;30.7820000648499;0
university0.5_p_0.0005.db;lubm-ex-20_disjoint.owl;pos500_prob_0.2;9228;0.0320000648498535;5;1.27799987792969;47;0.18500018119812;1.49500012397766;25527;1.36300015449524;25742;27.6760001182556;163;0.458999872207642;30.7260000705719;16301;1.37299990653992;116;1.3529999256134;26.1960000991821;163;0.132999897003174;30.6370000839233;0
university0.5_p_0.0005.db;lubm-ex-20_disjoint.owl;pos500_prob_0.3;9228;0.0550000667572022;5;1.23000001907349;61;0.159999847412109;1.4449999332428;25527;1.37400007247925;25632;27.9609999656677;223;0.427999973297119;31.1119999885559;16301;1.52700018882751;162;1.39499998092651;26.0249998569489;223;0.108999967575073;30.4949998855591;0
university0.5_p_0.0005.db;lubm-ex-20_disjoint.owl;pos500_prob_0.4;9228;0.0210001468658447;1;1.32599997520447;228;0.171000003814697;1.51800012588501;25527;1.42799997329712;25603;27.2449998855591;762;0.24399995803833;30.2949998378754;16301;1.37100005149841;534;1.60700011253357;25.066999912262;762;0.110000133514404;29.6660001277924;0
university0.5_p_0.0005.db;lubm-ex-20_disjoint.owl;pos500_prob_0.5;9228;0.0439999103546143;2;1.28699994087219;0;0.148000001907349;1.47899985313416;25527;1.38199996948242;25577;26.8359999656677;0;0.299000024795532;29.8389999866486;16301;1.48699998855591;0;1.32200002670288;26.3880000114441;0;0.111999988555908;30.8320000171661;0
university0.5_p_0.0005.db;lubm-ex-20_disjoint.owl;pos500_prob_0.6;9228;0.0440001487731934;1;1.30899977684021;456;0.154000043869019;1.50699996948242;25527;1.43899989128113;25569;28.6989998817444;1538;0.26800012588501;31.7599999904633;16301;1.39499998092651;1082;1.49300003051758;25.702999830246;1538;0.207000017166138;30.2879998683929;0
university0.5_p_0.0005.db;lubm-ex-20_disjoint.owl;pos500_prob_0.7;9228;0.0299999713897705;6;1.52699995040894;411;0.198000192642212;1.75500011444092;25527;1.67499995231628;25562;26.6189999580383;1432;0.513999938964844;30.1280000209808;16301;1.50500011444092;1021;1.47300004959106;24.2430000305176;1432;0.121999979019165;28.8280000686645;0
university0.5_p_0.0005.db;lubm-ex-20_disjoint.owl;pos500_prob_0.8;9228;0.0519998073577881;4;1.23900008201599;276;0.150000095367432;1.44099998474121;25527;1.44400000572205;25549;28.1180000305176;977;0.368000030517578;31.2300000190735;16301;1.40500020980835;701;1.4909999370575;24.3599998950958;977;0.0830001831054688;29.0360000133514;0
university0.5_p_0.0005.db;lubm-ex-20_disjoint.owl;pos500_prob_0.9;9228;0.0360000133514404;3;1.23600006103516;335;0.184000015258789;1.45600008964539;25527;1.44300007820129;25539;27.7269999980926;1144;0.338000059127808;30.8150000572205;16301;1.5789999961853;809;1.51400017738342;24.3120000362396;1144;0.0809998512268066;29.385999917984;0
university0.5_p_0.001.db;lubm-ex-20_disjoint.owl;pos50_prob_0.1;9375;0.0319998264312744;279;1.67700004577637;0;0.0580000877380371;1.76699995994568;25876;1.52099990844727;29612;29.3039999008179;0;2.21500015258789;34.9639999866486;16505;1.53799986839294;0;1.33100008964539;28.8529999256134;0;0.555999994277954;34.1100001335144;0
university0.5_p_0.001.db;lubm-ex-20_disjoint.owl;pos50_prob_0.2;9375;0.0429999828338623;118;1.51399993896484;0;0.0740001201629639;1.63100004196167;25876;1.625;27822;27.9790000915527;0;1.16299986839294;32.2009999752045;16505;1.46000003814697;0;1.3289999961853;28.5789999961853;0;0.177000045776367;33.0650000572205;0
university0.5_p_0.001.db;lubm-ex-20_disjoint.owl;pos50_prob_0.3;9375;0.0410001277923584;8;1.18799996376038;194;0.0899999141693115;1.31900000572205;25876;1.39999985694885;26774;28.0009999275207;657;0.214999914169312;30.8989999294281;16505;1.43799996376038;463;1.44500017166138;24.9559998512268;657;0.0400002002716064;29.2750000953674;0
university0.5_p_0.001.db;lubm-ex-20_disjoint.owl;pos50_prob_0.4;9375;0.0420000553131104;7;1.25600004196167;0;0.0699999332427979;1.36800003051758;25876;1.4060001373291;26480;29.4070000648499;0;0.190999984741211;32.3320000171661;16505;1.47900009155273;0;1.45000004768372;27.7839999198914;0;0.0420000553131104;32.0650000572205;0
university0.5_p_0.001.db;lubm-ex-20_disjoint.owl;pos50_prob_0.5;9375;0.0420000553131104;6;1.25799989700317;194;0.0550000667572022;1.35500001907349;25876;1.39800000190735;26357;26.3529999256134;661;0.187000036239624;29.2039999961853;16505;1.39300012588501;467;1.40700006484985;25.2330000400543;661;0.0469999313354492;29.4429998397827;0
university0.5_p_0.001.db;lubm-ex-20_disjoint.owl;pos50_prob_0.6;9375;0.0230000019073486;2;1.19899988174438;0;0.064000129699707;1.28600001335144;25876;1.37400007247925;26241;26.385999917984;0;0.25;29.2699999809265;16505;1.32999992370605;0;1.24499988555908;28.2160000801086;0;0.0520000457763672;32.1460001468658;0
university0.5_p_0.001.db;lubm-ex-20_disjoint.owl;pos50_prob_0.7;9375;0.0400002002716064;22;1.31599998474121;0;0.0509998798370361;1.40700006484985;25876;1.49399995803833;26137;28.6909999847412;0;0.335000038146973;31.8830001354218;16505;1.5460000038147;0;1.33100008964539;27.2459998130798;0;0.0440001487731934;31.6040000915527;0
university0.5_p_0.001.db;lubm-ex-20_disjoint.owl;pos50_prob_0.8;9375;0.0409998893737793;6;1.35000014305115;0;0.0789999961853027;1.47000002861023;25876;1.40299987792969;26041;27.9270000457764;0;0.20799994468689;30.8399999141693;16505;1.49899983406067;0;1.33800005912781;27.9589998722076;0;0.0460000038146973;32.2179999351501;0
university0.5_p_0.001.db;lubm-ex-20_disjoint.owl;pos50_prob_0.9;9375;0.0280001163482666;6;1.4539999961853;0;0.0749998092651367;1.55699992179871;25876;1.66900014877319;25988;28.2820000648499;0;0.305000066757202;31.6490001678467;16505;1.70199990272522;0;1.48099994659424;28.4680001735687;0;0.0309998989105225;33.2469999790192;0
university0.5_p_0.001.db;lubm-ex-20_disjoint.owl;pos100_prob_0.1;9375;0.0360000133514404;117;1.33200001716614;0;0.0690000057220459;1.43700003623962;25876;1.54900002479553;27793;27.5230000019073;0;1.46600008010864;31.9010000228882;16505;1.43599987030029;0;1.36700010299683;27.9949998855591;0;0.230000019073486;32.4619998931885;0
university0.5_p_0.001.db;lubm-ex-20_disjoint.owl;pos100_prob_0.2;9375;0.0320000648498535;43;1.23699998855591;0;0.0720000267028809;1.34200000762939;25876;1.43700003623962;26889;30.6280000209808;0;0.643999814987183;33.9509999752045;16505;1.41600012779236;0;1.28800010681152;27.2109999656677;0;0.161999940872192;31.4289999008179;0
university0.5_p_0.001.db;lubm-ex-20_disjoint.owl;pos100_prob_0.3;9375;0.0549998283386231;69;1.70700001716614;0;0.065000057220459;1.82699990272522;25876;1.75399994850159;26421;28.1579999923706;0;1.00899982452393;32.2279999256134;16505;1.55399990081787;0;1.38199996948242;27.1380000114441;0;0.0930001735687256;32.074000120163;0
university0.5_p_0.001.db;lubm-ex-20_disjoint.owl;pos100_prob_0.4;9375;0.0440001487731934;8;1.67799997329712;79;0.0929999351501465;1.81500005722046;25876;1.42499995231628;26204;27.4409999847412;299;0.253000020980835;30.4539999961853;16505;1.50399994850159;220;1.49899983406067;27.6879999637604;299;0.0450000762939453;32.2969999313354;0
university0.5_p_0.001.db;lubm-ex-20_disjoint.owl;pos100_prob_0.5;9375;0.065000057220459;3;1.42700004577637;0;0.0789999961853027;1.57200002670288;25876;1.38599991798401;26125;29.2560000419617;0;0.18999981880188;32.1699998378754;16505;1.40599989891052;0;1.31900000572205;27.9990000724792;0;0.0439999103546143;32.2479999065399;0
university0.5_p_0.001.db;lubm-ex-20_disjoint.owl;pos100_prob_0.6;9375;0.0269999504089355;6;1.38899993896484;84;0.0699999332427979;1.48599982261658;25876;1.34299993515015;26049;30.8429999351501;295;0.302999973297119;33.7089998722076;16505;1.42599987983704;211;1.29900002479553;30.694000005722;295;0.0399999618530273;34.8989999294281;0
university0.5_p_0.001.db;lubm-ex-20_disjoint.owl;pos100_prob_0.7;9375;0.0539999008178711;12;1.39499998092651;0;0.0789999961853027;1.52799987792969;25876;1.47599983215332;26006;29.2290000915527;0;0.309999942779541;32.3439998626709;16505;1.60099983215332;0;1.63099980354309;29.6410000324249;0;0.0440001487731934;34.2039999961853;0
university0.5_p_0.001.db;lubm-ex-20_disjoint.owl;pos100_prob_0.8;9375;0.0410001277923584;1;1.50999999046326;0;0.0829999446868897;1.63400006294251;25876;1.36700010299683;25989;27.0930001735687;0;0.158999919891357;29.8910000324249;16505;1.44799995422363;0;1.36500000953674;25.8269999027252;0;0.0360000133514404;30.0049998760223;0
university0.5_p_0.001.db;lubm-ex-20_disjoint.owl;pos100_prob_0.9;9375;0.0200002193450928;7;1.31599998474121;184;0.0729999542236328;1.40900015830994;25876;1.30800008773804;25941;26.0820000171661;614;0.231000185012817;28.9100000858307;16505;1.34299993515015;430;1.39099979400635;25.0520000457764;614;0.0320000648498535;29.2009999752045;0
university0.5_p_0.001.db;lubm-ex-20_disjoint.owl;pos500_prob_0.1;9375;0.0350000858306885;44;1.30900001525879;0;0.131999969482422;1.4760000705719;25876;1.32599997520447;26481;26.0339999198914;0;1.9539999961853;30.6549999713898;16505;1.37899994850159;0;1.50499987602234;26.4370000362396;0;0.240000009536743;31.0629999637604;0
university0.5_p_0.001.db;lubm-ex-20_disjoint.owl;pos500_prob_0.2;9375;0.0209999084472656;3;1.59100008010864;17;0.149999856948853;1.76199984550476;25876;1.35599994659424;26126;28.069000005722;59;0.38700008392334;31.0460000038147;16505;1.46799993515015;42;1.62800002098084;26.5169999599457;59;0.121999979019165;31.6570000648499;0
university0.5_p_0.001.db;lubm-ex-20_disjoint.owl;pos500_prob_0.3;9375;0.0449998378753662;1;1.33800005912781;71;0.276000022888184;1.65899991989136;25876;1.47099995613098;25995;27.9370000362396;249;0.371999979019165;31.1139998435974;16505;1.82599997520447;178;1.71099996566772;27.1000001430511;249;0.126999855041504;32.6199998855591;0
university0.5_p_0.001.db;lubm-ex-20_disjoint.owl;pos500_prob_0.4;9375;0.0440001487731934;2;1.40499997138977;39;0.151000022888184;1.60000014305115;25876;1.45700001716614;25953;28.4190001487732;152;0.28600001335144;31.4980001449585;16505;1.38900017738342;110;1.22899985313416;27.701000213623;152;0.120999813079834;31.970999956131;3
university0.5_p_0.001.db;lubm-ex-20_disjoint.owl;pos500_prob_0.5;9375;0.0230000019073486;3;1.41799998283386;150;0.151999950408936;1.59299993515015;25876;1.35399985313416;25934;25.6119999885559;500;0.336000204086304;28.6700000762939;16505;1.47399997711182;350;1.38100004196167;25.0060000419617;500;0.105000019073486;29.4690001010895;0
university0.5_p_0.001.db;lubm-ex-20_disjoint.owl;pos500_prob_0.6;9375;0.0220000743865967;2;1.38899993896484;91;0.174999952316284;1.58599996566772;25876;1.3529999256134;25901;25.5490000247955;328;0.365000009536743;28.6459999084473;16505;1.37999987602234;237;1.22300004959106;24.7000000476837;328;0.120000123977661;28.9160001277924;0
university0.5_p_0.001.db;lubm-ex-20_disjoint.owl;pos500_prob_0.7;9375;0.0350000858306885;1;1.44199991226196;77;0.164000034332275;1.64100003242493;25876;1.37299990653992;25911;25.6419999599457;278;0.279000043869019;28.6189999580383;16505;1.4449999332428;201;1.25699996948242;24.8680000305176;278;0.105999946594238;29.1929998397827;0
university0.5_p_0.001.db;lubm-ex-20_disjoint.owl;pos500_prob_0.8;9375;0.0240001678466797;5;1.39699983596802;442;0.146000146865845;1.56700015068054;25876;1.33500003814697;25897;25.7439999580383;1475;0.384999990463257;28.8269999027252;16505;1.35799980163574;1033;1.56599998474121;23.9730000495911;1475;0.059999942779541;28.6510000228882;0
university0.5_p_0.001.db;lubm-ex-20_disjoint.owl;pos500_prob_0.9;9375;0.0269999504089355;1;1.34800004959106;0;0.148000001907349;1.52300000190735;25876;1.40699982643127;25891;25.885999917984;0;0.249000072479248;28.9340000152588;16505;1.51900005340576;0;1.375;27.0839998722076;0;0.104000091552734;32.1000001430511;0
university0.5_p_0.000005.db;lubm-ex-20_disjoint.owl;pos250_prob_0.1;9156;0.0239999294281006;1;1.36700010299683;1081;0.10099983215332;1.49199986457825;25337;1.41099977493286;26449;24.6329998970032;3581;0.181000232696533;27.3980000019073;16181;1.3490002155304;2501;1.80499982833862;20.6260001659393;3582;0.0499999523162842;24.9509999752045;0
university0.5_p_0.000005.db;lubm-ex-20_disjoint.owl;pos250_prob_0.2;9156;0.0220000743865967;43;1.15199995040894;2869;0.141000032424927;1.31500005722046;25337;1.45900011062622;25746;25.1499998569489;8959;0.990000009536743;28.6979999542236;16181;1.36299991607666;6091;2.71200013160706;15.0009999275208;8960;0.0539999008178711;20.5160000324249;0
university0.5_p_0.000005.db;lubm-ex-20_disjoint.owl;pos250_prob_0.3;9156;0.0249998569488525;21;1.20099997520447;1121;0.121000051498413;1.34699988365173;25337;1.39699983596802;25582;24.9119999408722;3707;0.628999948501587;27.9979999065399;16181;1.3510000705719;2587;1.90100002288818;20.2779998779297;3708;0.0450000762939453;24.8559999465942;0
university0.5_p_0.000005.db;lubm-ex-20_disjoint.owl;pos250_prob_0.4;9156;0.0420000553131104;4;1.1269998550415;206;0.0690000057220459;1.23799991607666;25337;1.43300008773804;25477;27.3550000190735;722;0.29800009727478;30.1370000839233;16181;1.41100001335144;516;1.3840000629425;25.9979999065399;722;0.0580000877380371;29.9950001239777;0
university0.5_p_0.000005.db;lubm-ex-20_disjoint.owl;pos250_prob_0.5;9156;0.0299999713897705;1;1.2960000038147;2840;0.144000053405762;1.47099995613098;25337;1.38599991798401;25447;24.8789999485016;8945;0.20199990272522;27.5319998264313;16181;1.49200010299683;6107;2.65900015830994;16.4109997749329;8947;0.0330002307891846;21.875;0
university0.5_p_0.000005.db;lubm-ex-20_disjoint.owl;pos250_prob_0.6;9156;0.0190000534057617;19;1.22199988365173;1765;0.0930001735687256;1.33400011062622;25337;1.40699982643127;25377;24.9810001850128;5719;0.517999887466431;27.9589998722076;16181;1.45099997520447;3955;2.16199994087219;20.7380001544952;5720;0.0460000038146973;25.625;0
university0.5_p_0.000005.db;lubm-ex-20_disjoint.owl;pos250_prob_0.7;9156;0.0260000228881836;1;1.2260000705719;1225;0.0849997997283936;1.33699989318848;25337;1.36300015449524;25385;24.5360000133514;4055;0.162999868392944;27.0950000286102;16181;1.40100002288818;2830;1.7960000038147;20.3990001678467;4055;0.0499999523162842;24.8150000572205;0
university0.5_p_0.000005.db;lubm-ex-20_disjoint.owl;pos250_prob_0.8;9156;0.0260000228881836;2;1.26799988746643;4004;0.106000185012817;1.40000009536743;25337;1.60799980163574;25381;26.4630000591278;12268;0.370999813079834;29.6639997959137;16181;1.40199995040894;8265;3.16000008583069;13.0390000343323;12269;0.0249998569488525;18.9449999332428;0
university0.5_p_0.000005.db;lubm-ex-20_disjoint.owl;pos250_prob_0.9;9156;0.0429999828338623;33;1.26999998092651;2663;0.131999969482422;1.4449999332428;25337;1.44899988174438;25369;26.0210001468658;8444;0.832000017166138;29.3849999904633;16181;1.42300009727478;5781;2.63599991798401;16.1000001430511;8444;0.0460000038146973;21.4700000286102;0
university0.5_p_0.00001.db;lubm-ex-20_disjoint.owl;pos250_prob_0.1;9158;0.0280001163482666;66;1.23099994659424;2549;0.151000022888184;1.41000008583069;25345;1.4449999332428;26505;25.1019999980927;8120;1.32299995422363;28.9519999027252;16187;1.2480001449585;5563;2.51699995994568;16.1760001182556;8120;0.0989999771118164;21.228000164032;8
university0.5_p_0.00001.db;lubm-ex-20_disjoint.owl;pos250_prob_0.2;9158;0.0369999408721924;10;1.05699992179871;87;0.0720000267028809;1.16700005531311;25345;1.43499994277954;25754;27.9430000782013;313;0.381999969482422;30.8079998493195;16187;1.57000017166138;226;1.37899994850159;25.4650001525879;313;0.0669999122619629;29.7890000343323;0
university0.5_p_0.00001.db;lubm-ex-20_disjoint.owl;pos250_prob_0.3;9158;0.0179998874664307;18;1.22900009155273;1571;0.125999927520752;1.37299990653992;25345;1.40700006484985;25608;26.3039999008179;5072;0.651999950408936;29.5759999752045;16187;1.47499990463257;3501;2.02999997138977;20.164999961853;5072;0.0440001487731934;24.9049999713898;0
university0.5_p_0.00001.db;lubm-ex-20_disjoint.owl;pos250_prob_0.4;9158;0.0210001468658447;1;1.13599991798401;4113;0.0800001621246338;1.23800015449524;25345;1.36999988555908;25483;27.1790001392364;12547;0.210999965667725;29.8199999332428;16187;1.41300010681152;8436;3.35899996757507;14.0350000858307;12549;0.0360000133514404;20.1370000839233;0
university0.5_p_0.00001.db;lubm-ex-20_disjoint.owl;pos250_prob_0.5;9158;0.0590000152587891;23;1.27099990844727;1354;0.0999999046325684;1.42999982833862;25345;1.56400012969971;25453;26.6770000457764;4505;0.772000074386597;30.3690001964569;16187;1.35999989509583;3152;2.11500000953674;22.8410000801086;4506;0.0519998073577881;27.7449998855591;0
university0.5_p_0.00001.db;lubm-ex-20_disjoint.owl;pos250_prob_0.6;9158;0.0569999217987061;18;1.257000207901;1206;0.101999998092651;1.41600012779236;25345;1.59099984169006;25418;29.9979999065399;4033;0.676000118255615;33.5629999637604;16187;1.54900002479553;2827;2.12899994850159;24.2739999294281;4033;0.0780000686645508;29.4289999008179;0
university0.5_p_0.00001.db;lubm-ex-20_disjoint.owl;pos250_prob_0.7;9158;0.0429999828338623;3;1.54299998283386;4517;0.148999929428101;1.73499989509583;25345;1.44500017166138;25410;29.2990000247955;13596;0.391000032424927;32.2490000724792;16187;1.69300007820129;9082;4.00099992752075;11.1040000915527;13599;0.0320000648498535;18.0900001525879;0
university0.5_p_0.00001.db;lubm-ex-20_disjoint.owl;pos250_prob_0.8;9158;0.0299999713897705;1;1.11700010299683;112;0.0920000076293945;1.23900008201599;25345;1.43200016021729;25377;28.7850000858307;397;0.190999984741211;31.5080001354218;16187;1.45299983024597;285;1.41499996185303;28.0940001010895;397;0.060999870300293;32.2599999904633;0
university0.5_p_0.00001.db;lubm-ex-20_disjoint.owl;pos250_prob_0.9;9158;0.0279998779296875;17;1.16300010681152;933;0.0799999237060547;1.27099990844727;25345;1.58500003814697;25374;27.3699998855591;3166;0.516000032424927;30.6329998970032;16187;1.47200012207031;2233;2.23199987411499;22.7120001316071;3166;0.0509998798370361;27.9809999465942;0
university0.5_p_0.00005.db;lubm-ex-20_disjoint.owl;pos250_prob_0.1;9193;0.0569999217987061;41;1.41799998283386;0;0.0970001220703125;1.57200002670288;25446;1.47499990463257;26554;28.7510001659393;1;1.05399990081787;32.5899999141693;16255;1.40700006484985;0;1.36899995803833;26.3259999752045;1;0.17300009727478;30.6099998950958;1
university0.5_p_0.00005.db;lubm-ex-20_disjoint.owl;pos250_prob_0.2;9193;0.0280001163482666;1;1.17899990081787;742;0.0720000267028809;1.27900004386902;25446;1.46800017356873;25821;27.3100001811981;2473;0.200000047683716;30.1520001888275;16255;1.73899984359741;1731;1.63800001144409;26.0240001678467;2473;0.0469999313354492;30.8550000190735;0
university0.5_p_0.00005.db;lubm-ex-20_disjoint.owl;pos250_prob_0.3;9193;0.0319998264312744;27;1.30800008773804;361;0.128000020980835;1.46799993515015;25446;1.53200006484985;25683;30.6960000991821;1241;1.08800005912781;34.585000038147;16255;1.57800006866455;880;1.74699997901917;28.3700001239777;1241;0.0659999847412109;33.1549999713898;0
university0.5_p_0.00005.db;lubm-ex-20_disjoint.owl;pos250_prob_0.4;9193;0.0389997959136963;4;1.38499999046326;108;0.138000011444092;1.56199979782105;25446;1.44099998474121;25587;29.2190001010895;375;0.274999856948853;32.3699998855591;16255;1.56599998474121;267;1.41599988937378;27.3529999256134;375;0.064000129699707;31.7330000400543;0
university0.5_p_0.00005.db;lubm-ex-20_disjoint.owl;pos250_prob_0.5;9193;0.064000129699707;7;1.41699981689453;399;0.0970001220703125;1.57800006866455;25446;1.34400010108948;25546;27.2219998836517;1337;0.355999946594238;30.1150000095367;16255;1.50600004196167;938;1.58199977874756;25.9079999923706;1337;0.0490000247955322;30.635999917984;0
university0.5_p_0.00005.db;lubm-ex-20_disjoint.owl;pos250_prob_0.6;9193;0.0219998359680176;1;1.32500004768372;295;0.0759999752044678;1.4229998588562;25446;1.40400004386902;25502;28.9630000591278;1017;0.219000101089478;31.6890001296997;16255;1.61100006103516;722;1.62999987602234;25.8410000801086;1017;0.0450000762939453;30.7160000801086;0
university0.5_p_0.00005.db;lubm-ex-20_disjoint.owl;pos250_prob_0.7;9193;0.0390000343322754;4;1.14599990844727;494;0.0920000076293945;1.27699995040894;25446;1.37100005149841;25491;25.9979999065399;1687;0.312999963760376;28.8020000457764;16255;1.46900010108948;1193;1.52300000190735;22.8329999446869;1687;0.0349998474121094;27.0859999656677;0
university0.5_p_0.00005.db;lubm-ex-20_disjoint.owl;pos250_prob_0.8;9193;0.0429999828338623;1;1.28299999237061;548;0.0870001316070557;1.41300010681152;25446;1.4850001335144;25479;25.5220000743866;1878;0.210000038146973;28.3700001239777;16255;1.3730001449585;1330;1.6399998664856;24.2780001163483;1878;0.0639998912811279;28.6380000114441;0
university0.5_p_0.00005.db;lubm-ex-20_disjoint.owl;pos250_prob_0.9;9193;0.0299999713897705;4;1.46600008010864;105;0.0919997692108154;1.58799982070923;25446;1.55000019073486;25473;29.5989999771118;376;0.358999967575073;32.8900001049042;16255;1.53299999237061;271;1.50100016593933;28.5989999771118;376;0.0449998378753662;33.0769999027252;0
university0.5_p_0.0005.db;lubm-ex-20_disjoint.owl;pos250_prob_0.1;9228;0.0780000686645508;40;1.57399988174438;0;0.0730001926422119;1.72500014305115;25527;1.60000014305115;26592;29.5049998760223;0;1.12200021743774;33.5300002098083;16301;1.58800005912781;0;1.30000019073486;27.0879998207092;0;0.177000045776367;31.5620000362396;0
university0.5_p_0.0005.db;lubm-ex-20_disjoint.owl;pos250_prob_0.2;9228;0.0549998283386231;23;1.43300008773804;275;0.145999908447266;1.63399982452393;25527;1.53399991989136;25894;28.375;966;0.717000007629395;32.1159999370575;16301;1.37899994850159;691;1.36999988555908;27.0340001583099;966;0.103999853134155;31.2449998855591;0
university0.5_p_0.0005.db;lubm-ex-20_disjoint.owl;pos250_prob_0.3;9228;0.0429999828338623;7;1.5789999961853;85;0.131999969482422;1.75399994850159;25527;1.65999984741211;25761;29.1100001335144;297;0.339999914169312;32.7779998779297;16301;1.48799991607666;212;1.32500004768372;25.7479999065399;297;0.0490000247955322;30.1979999542236;0
university0.5_p_0.0005.db;lubm-ex-20_disjoint.owl;pos250_prob_0.4;9228;0.0179998874664307;5;1.39199995994568;200;0.062000036239624;1.47199988365173;25527;1.36700010299683;25672;25.978000164032;699;0.305999994277954;28.8310000896454;16301;1.45199990272522;499;1.36999988555908;24.4630000591278;699;0.0420000553131104;28.6360001564026;0
university0.5_p_0.0005.db;lubm-ex-20_disjoint.owl;pos250_prob_0.5;9228;0.0190000534057617;7;1.40399980545044;145;0.0840001106262207;1.50699996948242;25527;1.41100001335144;25641;27.5209999084473;474;0.470999956130981;30.5789999961853;16301;1.50699996948242;329;1.32300019264221;27.6549999713898;474;0.060999870300293;31.9399998188019;0
university0.5_p_0.0005.db;lubm-ex-20_disjoint.owl;pos250_prob_0.6;9228;0.0320000648498535;1;1.46000003814697;0;0.164999961853027;1.65700006484985;25527;1.63599991798401;25577;25.3719999790192;0;0.184999942779541;28.3880000114441;16301;1.38199996948242;0;1.23799991607666;24.5329999923706;0;0.0480000972747803;28.5169999599457;0
university0.5_p_0.0005.db;lubm-ex-20_disjoint.owl;pos250_prob_0.7;9228;0.0489997863769531;4;1.26800012588501;164;0.0789999961853027;1.39599990844727;25527;1.34999990463257;25584;24.6559998989105;588;0.235000133514404;27.4349999427795;16301;1.32399988174438;424;1.375;24.0750000476837;588;0.0449998378753662;28.1579999923706;0
university0.5_p_0.0005.db;lubm-ex-20_disjoint.owl;pos250_prob_0.8;9228;0.0439999103546143;1;1.12400007247925;34;0.0899999141693115;1.25799989700317;25527;1.33899998664856;25565;25.4210000038147;120;0.177999973297119;28.1319999694824;16301;1.30800008773804;86;1.32399988174438;24.4090001583099;120;0.0409998893737793;28.3629999160767;0
university0.5_p_0.0005.db;lubm-ex-20_disjoint.owl;pos250_prob_0.9;9228;0.0490000247955322;7;1.25099992752075;251;0.0970001220703125;1.3970000743866;25527;1.3529999256134;25547;25.425999879837;860;0.300000190734863;28.2039999961853;16301;1.36699986457825;609;1.37199997901917;26.5100002288818;860;0.0439999103546143;30.6080000400543;0
university0.5_p_0.001.db;lubm-ex-20_disjoint.owl;pos250_prob_0.1;9375;0.064000129699707;42;1.91299986839294;0;0.164000034332275;2.14100003242493;25876;1.84799981117249;26927;27.9639999866486;0;1.18400001525879;32.5539999008179;16505;1.61500000953674;0;1.33300018310547;29.146999835968;0;0.154000043869019;33.779000043869;0
university0.5_p_0.001.db;lubm-ex-20_disjoint.owl;pos250_prob_0.2;9375;0.0400002002716064;36;1.5019998550415;0;0.0840001106262207;1.62600016593933;25876;1.36900019645691;26288;30.0539999008179;0;1.08400011062622;34.0340001583099;16505;1.49000000953674;0;1.16700005531311;25.816999912262;0;0.101000070571899;29.9760000705719;0
university0.5_p_0.001.db;lubm-ex-20_disjoint.owl;pos250_prob_0.3;9375;0.0450000762939453;9;1.39000010490417;100;0.0839998722076416;1.51900005340576;25876;1.48000001907349;26118;26.4029998779297;355;0.407000064849854;29.5769999027252;16505;1.42799997329712;255;1.42600011825562;25.904000043869;355;0.0509998798370361;30.3759999275208;0
university0.5_p_0.001.db;lubm-ex-20_disjoint.owl;pos250_prob_0.4;9375;0.0309998989105225;14;1.38199996948242;277;0.0759999752044678;1.48899984359741;25876;1.375;26034;28.8740000724792;963;0.499000072479248;32.0560002326965;16505;1.53099989891052;685;1.51999998092651;27.2130000591278;963;0.0550000667572022;31.8389999866486;1
university0.5_p_0.001.db;lubm-ex-20_disjoint.owl;pos250_prob_0.5;9375;0.0429999828338623;6;1.44599986076355;0;0.070000171661377;1.55900001525879;25876;1.33699989318848;26000;26.8919999599457;0;0.313999891281128;29.8839998245239;16505;1.45099997520447;0;1.48399996757507;28.4530000686645;0;0.0450000762939453;32.8259999752045;0
university0.5_p_0.001.db;lubm-ex-20_disjoint.owl;pos250_prob_0.6;9375;0.0239999294281006;3;1.375;71;0.134999990463257;1.53499984741211;25876;1.38300013542175;25942;28.7739999294281;256;0.350000143051147;31.8000001907349;16505;1.53499984741211;185;1.65199995040894;28.3629999160767;256;0.0450000762939453;33.2430000305176;0
university0.5_p_0.001.db;lubm-ex-20_disjoint.owl;pos250_prob_0.7;9375;0.0409998893737793;1;1.56900000572205;118;0.178999900817871;1.7889997959137;25876;1.4060001373291;25925;26.9130001068115;425;0.194000005722046;29.7820000648498;16505;1.41100001335144;307;1.35600018501282;27.6619999408722;425;0.0360000133514404;31.8400001525879;0
university0.5_p_0.001.db;lubm-ex-20_disjoint.owl;pos250_prob_0.8;9375;0.062000036239624;1;1.43700003623962;24;0.0880000591278076;1.58700013160706;25876;1.40900015830994;25899;26.3179998397827;88;0.209000110626221;29.268000125885;16505;1.75099992752075;64;1.40900015830994;28.771999835968;88;0.0440001487731934;33.6860001087189;0
university0.5_p_0.001.db;lubm-ex-20_disjoint.owl;pos250_prob_0.9;9375;0.0230000019073486;1;1.39900016784668;78;0.136999845504761;1.55900001525879;25876;1.33800005912781;25912;30.625;279;0.194000005722046;33.4500000476837;16505;1.44900012016296;201;1.33899998664856;27.1740000247955;279;0.0320000648498535;31.5;0
university0.5_p_0.000005.db;lubm-ex-20_disjoint.owl;pos50_prob_0.1;9156;0.0220000743865967;50;1.93999981880188;0;0.065000057220459;2.02699995040894;25337;1.46799993515015;29003;32.1040000915527;0;0.453999996185303;35.0910000801086;16181;1.53800010681152;0;1.62900018692017;28.9089999198914;0;0.104000091552734;33.5220000743866;0
university0.5_p_0.000005.db;lubm-ex-20_disjoint.owl;pos50_prob_0.2;9156;0.0310001373291016;43;1.07299995422363;2225;0.0499999523162842;1.15400004386902;25337;1.31400012969971;27146;32.2880001068115;7171;0.45199990272522;35.0750000476837;16181;1.39800000190735;4946;2.54999995231628;22.7760000228882;7171;0.0959999561309814;28.0789999961853;0
university0.5_p_0.00001.db;lubm-ex-20_disjoint.owl;pos50_prob_0.1;9158;0.0199999809265137;54;2.1269998550415;0;0.064000129699707;2.21099996566772;25345;1.66700005531311;29130;34.2509999275207;22;0.532999992370606;37.6410000324249;16187;1.48599982261658;0;1.4229998588562;33.393000125885;22;0.121999979019165;37.7439999580383;22
university0.5_p_0.000005.db;lubm-ex-20_disjoint.owl;pos50_prob_0.3;9156;0.0450000762939453;1;1.81200003623962;3346;0.0639998912811279;1.9210000038147;25337;1.78299999237061;26212;34.3129999637604;10341;0.220000028610229;37.75;16181;1.74699997901917;6996;3.62199997901916;17.9650001525879;10342;0.0320000648498535;24.9740002155304;0
university0.5_p_0.00001.db;lubm-ex-20_disjoint.owl;pos50_prob_0.2;9158;0.0299999713897705;39;1.17900013923645;0;0.0469999313354492;1.25600004196167;25345;1.45599985122681;27046;34.3879997730255;0;0.459000110626221;37.4979999065399;16187;2.45299983024597;0;1.68099999427795;30.9850001335144;0;0.0759999752044678;37.4119999408722;0
university0.5_p_0.000005.db;lubm-ex-20_disjoint.owl;pos50_prob_0.4;9156;0.0199999809265137;2;1.20099997520447;1265;0.0509998798370361;1.27199983596802;25337;1.43400001525879;26002;34.4670000076294;4183;0.28600001335144;37.4500000476837;16181;1.52600002288818;2918;2.68499994277954;27.6219999790192;4183;0.0350000858306885;33.2730000019073;0
university0.5_p_0.00001.db;lubm-ex-20_disjoint.owl;pos50_prob_0.3;9158;0.0329999923706055;2;1.42499995231628;168;0.0810000896453857;1.53900003433228;25345;2.16799998283386;26195;34.3480000495911;579;0.17300009727478;38.8700001239777;16187;1.78699994087219;411;1.6489999294281;30.6019999980926;579;0.0729999542236328;35.5810000896454;0
university0.5_p_0.000005.db;lubm-ex-20_disjoint.owl;pos100_prob_0.1;9156;0.0190000534057617;51;1.24000000953674;902;0.0549998283386231;1.31399989128113;25337;1.48000001907349;27288;34.7460000514984;3072;0.618000030517578;38.0360000133514;16181;1.60800004005432;2116;1.92000007629395;30.574000120163;3073;0.0859999656677246;35.5010001659393;55
university0.5_p_0.00001.db;lubm-ex-20_disjoint.owl;pos50_prob_0.4;9158;0.0289998054504395;42;2.11500000953674;3203;0.0800001621246338;2.22399997711182;25345;1.78399991989136;26006;33.4289999008179;9934;0.515000104904175;37.1370000839233;16187;1.80200004577637;6733;3.55899977684021;18.813000202179;9936;0.0369999408721924;25.7000000476837;0
university0.5_p_0.000005.db;lubm-ex-20_disjoint.owl;pos100_prob_0.2;9156;0.0319998264312744;2;1.20700001716614;379;0.0529999732971191;1.29199981689453;25337;1.45500016212463;26365;36.3729999065399;1302;0.311000108718872;39.4030001163483;16181;2.29500007629395;923;2.42200016975403;31.952999830246;1302;0.0450000762939453;39.1169998645782;0
university0.5_p_0.00001.db;lubm-ex-20_disjoint.owl;pos100_prob_0.1;9158;0.0209999084472656;73;1.24799990653992;0;0.114000082015991;1.38299989700317;25345;1.57100009918213;27229;34.4560000896454;7;1.03499984741211;38.5069999694824;16187;1.66899991035461;0;1.91599988937378;34.6240000724792;7;0.144000053405762;39.7990000247955;7
university0.5_p_0.000005.db;lubm-ex-20_disjoint.owl;pos100_prob_0.3;9156;0.0439999103546143;2;1.79900002479553;3342;0.0770001411437988;1.92000007629395;25337;2.75399994850159;25970;33.6729998588562;10360;0.255000114440918;38.7490000724792;16181;2.41299986839294;7022;4.30900001525879;17.8589999675751;10364;0.0299999713897705;27.1459999084473;0
university0.5_p_0.00001.db;lubm-ex-20_disjoint.owl;pos100_prob_0.2;9158;0.0329999923706055;1;1.29000020027161;1340;0.0659999847412109;1.38900017738342;25345;1.6489999294281;26394;37.0130000114441;4440;0.236000061035156;40.2550001144409;16187;1.91599988937378;3100;2.67499995231628;26.0220000743866;4440;0.0490000247955322;32.2720000743866;0
university0.5_p_0.000005.db;lubm-ex-20_disjoint.owl;pos100_prob_0.4;9156;0.0200002193450928;4;1.16499996185303;4315;0.0639998912811279;1.24900007247925;25337;1.50900006294251;25708;36.8259999752045;13120;0.335999965667725;39.8659999370575;16181;1.64600014686584;8806;6.26600003242493;17.3340001106262;13121;0.0319998264312744;27.1039998531342;0
university0.5_p_0.00001.db;lubm-ex-20_disjoint.owl;pos100_prob_0.3;9158;0.0219998359680176;1;1.80400013923645;1271;0.065000057220459;1.89100003242493;25345;1.92300009727478;25918;38.9249999523163;4224;0.178999900817871;42.3329999446869;16187;1.60199999809265;2953;2.30799984931946;29.7070000171661;4224;0.0399999618530273;35.0739998817444;0
university0.5_p_0.000005.db;lubm-ex-20_disjoint.owl;pos250_prob_0.1;9156;0.065000057220459;39;1.31800007820129;1082;0.0849997997283936;1.46799993515015;25337;1.57499980926514;26472;36.7860000133514;3593;1.02199983596802;40.7849998474121;16181;1.70499992370605;2511;2.10699987411499;30.6290001869202;3593;0.0949997901916504;36.0249998569489;0
university0.5_p_0.00001.db;lubm-ex-20_disjoint.owl;pos100_prob_0.4;9158;0.0450000762939453;1;1.49599981307983;1447;0.065000057220459;1.60599994659424;25345;1.91400003433228;25660;37.2740001678467;4734;0.168999910354614;40.779000043869;16187;1.75300002098084;3287;2.38199996948242;28.1370000839233;4734;0.0360000133514404;33.6440000534058;0
university0.5_p_0.000005.db;lubm-ex-20_disjoint.owl;pos250_prob_0.2;9156;0.0220000743865967;2;1.33500003814697;1994;0.0810000896453857;1.43800020217896;25337;1.62200021743774;25763;35.8889999389648;6352;0.208000183105469;39.1120002269745;16181;1.70700001716614;4358;2.77600002288818;27.3420000076294;6352;0.0479998588562012;33.3039999008179;0
university0.5_p_0.00001.db;lubm-ex-20_disjoint.owl;pos250_prob_0.1;9158;0.0220000743865967;3;1.4060001373291;1809;0.116999864578247;1.54500007629395;25345;1.89599990844727;26342;36.6440000534058;5911;0.246999979019165;40.2569999694824;16187;1.64800000190735;4091;2.51899981498718;26.6840000152588;5911;0.0940001010894775;32.3510000705719;11
university0.5_p_0.000005.db;lubm-ex-20_disjoint.owl;pos250_prob_0.3;9156;0.0219998359680176;1;1.35300016403198;3207;0.0839998722076416;1.45899987220764;25337;1.66299986839294;25586;36.6349999904633;9998;0.210999965667725;39.8079998493195;16181;1.58400011062622;6794;3.48399996757507;23.2369999885559;10001;0.0490000247955322;29.9869999885559;0
university0.5_p_0.00001.db;lubm-ex-20_disjoint.owl;pos250_prob_0.2;9158;0.0260000228881836;1;1.69999980926514;1251;0.0980000495910645;1.82399988174438;25345;1.89199995994568;25697;37.8800001144409;4121;0.210999965667725;41.3849999904633;16187;1.66199994087219;2870;2.32399988174438;28.9030001163483;4121;0.0509998798370361;34.3959999084473;0
university0.5_p_0.000005.db;lubm-ex-20_disjoint.owl;pos250_prob_0.4;9156;0.0219998359680176;2;1.3270001411438;2522;0.0910000801086426;1.44000005722046;25337;1.53600001335144;25470;37.2250001430511;8031;0.233999967575073;40.3389999866486;16181;1.63499999046326;5510;3.13300013542175;25.2079999446869;8032;0.0480000972747803;31.3440001010895;0
university0.5_p_0.00001.db;lubm-ex-20_disjoint.owl;pos250_prob_0.3;9158;0.0349998474121094;37;1.39400005340576;1941;0.0970001220703125;1.52600002288818;25345;1.63400006294251;25585;35.7019999027252;6287;1.03400015830994;39.6860001087189;16187;1.617999792099;4347;2.73499989509583;28.125;6288;0.0590000152587891;33.930999994278;0
university0.5_p_0.000005.db;lubm-ex-20_disjoint.owl;pos500_prob_0.1;9156;0.0390000343322754;11;1.31900000572205;824;0.151999950408936;1.50999999046326;25337;1.6800000667572;25950;38.055999994278;2757;0.676000118255615;41.8800001144409;16181;1.68599987030029;1934;2.03999996185303;32.3450000286102;2758;0.134999990463257;37.8069999217987;0
university0.5_p_0.00001.db;lubm-ex-20_disjoint.owl;pos250_prob_0.4;9158;0.0230000019073486;1;1.21000003814697;989;0.0800001621246338;1.31300020217896;25345;1.72999978065491;25467;36.2349998950958;3299;0.187000036239624;39.4359998703003;16187;1.68499994277954;2310;2.23999977111816;30.7150001525879;3299;0.0499999523162842;36.0320000648499;0
university0.5_p_0.000005.db;lubm-ex-20_disjoint.owl;pos500_prob_0.2;9156;0.0230000019073486;48;1.39300012588501;4579;0.319999933242798;1.73600006103516;25337;1.66300010681152;25530;36.6760001182556;13732;1.92999982833862;41.7730000019074;16181;1.74200010299683;9155;4.257000207901;18.3880000114441;13735;0.104999780654907;26.1339998245239;1
university0.5_p_0.000005.db;lubm-ex-20_disjoint.owl;pos500_prob_0.3;9156;0.0239999294281006;1;1.5239999294281;3346;0.172000169754028;1.72000002861023;25337;1.78500008583069;25442;35.6699998378754;10501;0.483999967575073;39.2760000228882;16181;1.93700003623962;7156;3.63199996948242;18.2300000190735;10502;0.101999998092651;25.6099998950958;0
university0.5_p_0.00001.db;lubm-ex-20_disjoint.owl;pos500_prob_0.1;9158;0.0360000133514404;1;1.42499995231628;32;0.144999980926514;1.60599994659424;25345;1.67300009727478;25968;36.9100000858307;110;0.280999898910522;40.1470000743866;16187;1.75300002098084;78;1.5550000667572;36.0249998569489;110;0.157000064849854;40.9170000553131;0
university0.5_p_0.000005.db;lubm-ex-20_disjoint.owl;pos500_prob_0.4;9156;0.065000057220459;1;1.35899996757507;3431;0.165999889373779;1.58999991416931;25337;1.90000009536743;25415;36.2220001220703;10645;0.277999877929687;39.9609999656677;16181;1.64199995994568;7215;4.68099999427795;20.864000082016;10646;0.113999843597412;29.2330000400543;0
university0.5_p_0.00001.db;lubm-ex-20_disjoint.owl;pos500_prob_0.2;9158;0.0269999504089355;1;1.81299996376038;733;0.203999996185303;2.04399991035461;25345;2.17499995231628;25553;34.2669999599457;2474;0.441999912261963;38.9809999465942;16187;2.07500004768372;1741;2.1639997959137;34.805999994278;2474;0.130000114440918;40.8320000171661;0
university0.5_p_0.000005.db;lubm-ex-20_disjoint.owl;pos750_prob_0.1;9156;0.0230000019073486;2;1.32399988174438;1998;0.273999929428101;1.62099981307983;25337;1.7519998550415;25737;36.2269999980926;6551;0.437999963760376;39.7649998664856;16181;1.52799987792969;4555;2.77100014686584;27.6699998378754;6553;0.232000112533569;33.9030001163483;0
university0.5_p_0.00001.db;lubm-ex-20_disjoint.owl;pos500_prob_0.3;9158;0.0299999713897705;23;1.60699987411499;1736;0.200999975204468;1.83799982070923;25345;1.62199997901917;25461;37.8659999370575;5616;1.1949999332428;41.9129998683929;16187;1.63400006294251;3880;2.49399995803833;28.4249999523163;5616;0.0980000495910645;34.239000082016;0
university0.5_p_0.000005.db;lubm-ex-20_disjoint.owl;pos750_prob_0.2;9156;0.0239999294281006;1;1.32100009918213;1282;0.285999774932861;1.63099980354309;25337;1.59599995613098;25480;37.3709998130798;4209;0.519000053405762;40.7489998340607;16181;1.54500007629395;2927;2.28900003433228;31.625;4209;0.210999965667725;37.3270001411438;0
university0.5_p_0.00001.db;lubm-ex-20_disjoint.owl;pos500_prob_0.4;9158;0.0360000133514404;5;1.29399991035461;210;0.170000076293945;1.5;25345;1.55200004577637;25420;37.7219998836517;732;0.434999942779541;40.9909999370575;16187;1.81200003623962;522;1.55900001525879;34.4030001163483;732;0.126999855041504;39.300999879837;0
university0.5_p_0.000005.db;lubm-ex-20_disjoint.owl;pos750_prob_0.3;9156;0.0239999294281006;4;1.24399995803833;2790;0.308000087738037;1.57599997520447;25337;1.58899998664856;25414;37.2060000896454;8795;0.57699990272522;40.6119999885559;16181;1.6949999332428;6005;3.1710000038147;24.9159998893738;8795;0.163000106811523;31.5510001182556;0
university0.5_p_0.00001.db;lubm-ex-20_disjoint.owl;pos750_prob_0.1;9158;0.0260000228881836;9;1.24300003051758;220;0.272000074386597;1.54100012779236;25345;1.64400005340576;25710;36.8570001125336;746;0.869999885559082;40.5980000495911;16187;1.62099981307983;526;1.67799997329712;34.305999994278;746;0.24399995803833;39.3959999084473;0
university0.5_p_0.000005.db;lubm-ex-20_disjoint.owl;pos750_prob_0.4;9156;0.0259997844696045;1;1.65200018882751;1062;0.304999828338623;1.98299980163574;25337;1.78900003433228;25376;37.5819997787476;3463;0.44100022315979;41.2360000610352;16181;1.58999991416931;2401;2.28800010681152;31.2460000514984;3463;0.21399998664856;36.9800000190735;0
university0.5_p_0.00001.db;lubm-ex-20_disjoint.owl;pos750_prob_0.2;9158;0.0250000953674316;13;1.37199997901917;1244;0.299000024795532;1.69600009918213;25345;1.5699999332428;25489;36.1070001125336;4151;1.09999990463257;40.1169998645783;16187;1.67000007629395;2907;2.19600009918213;31.2079999446869;4151;0.265000104904175;36.9160001277924;0
university0.5_p_0.000005.db;lubm-ex-20_disjoint.owl;pos1000_prob_0.1;9156;0.0280001163482666;1;1.40100002288818;2013;0.550999879837036;1.98000001907349;25337;1.75100016593933;25632;37.1730000972748;6468;0.641000032424927;40.8040001392365;16181;1.69799995422363;4456;2.66800022125244;25.1699998378754;6469;0.391000032424927;31.760999917984;0
university0.5_p_0.00001.db;lubm-ex-20_disjoint.owl;pos750_prob_0.3;9158;0.0250000953674316;40;1.31500005722046;3536;0.386999845504761;1.72699999809265;25345;1.63900017738342;25422;36.7979998588562;10987;2.57500004768372;42.3050000667572;16187;1.65900015830994;7453;4.11199998855591;21.2669999599457;10989;0.219000101089478;29.0499999523163;0
university0.5_p_0.000005.db;lubm-ex-20_disjoint.owl;pos1000_prob_0.2;9156;0.0260000228881836;1;1.53799986839294;1136;0.636000156402588;2.20000004768372;25337;2.88299989700317;25456;37.0950000286102;3789;0.745999813079834;42.4849998950958;16181;1.64199995994568;2654;2.12299990653992;30.6349999904633;3790;0.394000053405762;36.6570000648499;0
university0.5_p_0.00001.db;lubm-ex-20_disjoint.owl;pos750_prob_0.4;9158;0.0400002002716064;1;1.36999988555908;1404;0.29200005531311;1.7020001411438;25345;1.56399989128113;25385;37.827999830246;4628;0.443000078201294;41.0889999866486;16187;1.63400006294251;3224;2.39499998092651;30.1779999732971;4628;0.197999954223633;36.0249998569489;0
university0.5_p_0.000005.db;lubm-ex-20_disjoint.owl;pos1000_prob_0.3;9156;0.0340001583099365;1;1.26999998092651;1702;0.468999862670898;1.77300000190735;25337;1.59500002861023;25385;37.1210000514984;5586;0.66700005531311;40.672000169754;16181;1.66499996185303;3885;2.50299978256226;29.9250001907349;5587;0.490000009536743;36.3010001182556;0
university0.5_p_0.00001.db;lubm-ex-20_disjoint.owl;pos1000_prob_0.1;9158;0.0250000953674316;34;1.29900002479553;808;0.470999956130981;1.79500007629395;25345;1.66700005531311;25605;36.1590001583099;2722;3.01099991798401;42.1790001392364;16187;1.69700002670288;1914;2.00600004196167;32.6279997825623;2722;0.41700005531311;38.5309998989105;0
university0.5_p_0.000005.db;lubm-ex-20_disjoint.owl;pos1000_prob_0.4;9156;0.0290000438690186;1;1.62199997901917;50;0.500999927520752;2.15199995040894;25337;1.57699990272522;25370;38.6710000038147;178;0.674999952316284;42.2679998874664;16181;1.6489999294281;128;1.56400012969971;37.3489999771118;178;0.405999898910522;42.8099999427795;0
university0.5_p_0.00001.db;lubm-ex-20_disjoint.owl;pos1000_prob_0.2;9158;0.0260000228881836;44;1.3050000667572;3087;0.622999906539917;1.9539999961853;25345;1.6489999294281;25471;37.3980000019073;9538;3.64499998092651;43.9379999637604;16187;1.65199995040894;6452;3.35600018501282;18.2769999504089;9539;0.289000034332275;25.7850000858307;0
university0.5_p_0.00001.db;lubm-ex-20_disjoint.owl;pos1000_prob_0.3;9158;0.0250000953674316;1;1.15999984741211;650;0.445000171661377;1.63000011444092;25345;1.38800001144409;25393;28.9240000247955;2238;0.555999994277954;32.058000087738;16187;1.3659999370575;1588;1.7020001411438;25.2089998722076;2238;0.259999990463257;30.1559998989105;0
university0.5_p_0.00001.db;lubm-ex-20_disjoint.owl;pos1000_prob_0.4;9158;0.0429999828338623;79;1.17499995231628;4588;0.769999980926514;1.98799991607666;25345;1.35199999809265;25380;27.8540000915527;13919;5.09400010108948;35.576000213623;16187;1.47500014305115;9334;3.86500000953674;12.5889999866486;13922;0.108999967575073;20.1059999465942;0
