ABOX;TBOX;POS;POS_size;POS_density;ABox_size;ABox_load_time;Conflicts_size;Conflicts_time;pi_repair_size;pi_repair_time;pi_repair_total_time;cl-ABox_size;cl-ABox_time;cl_pi_repair_size;cpi_repair++_size;cpi_repair++_time;cpi_repair++_total_time;only cpi-repair
University0_p_0.000006.db;lubm-ex-20_disjoint.owl;pos1000_prob_0.1;1000;0.1;75679;0.2260000706;8;3.782000065;6458;1.01699996;5.025000095;37102;2.893000126;9821;16279;0.7860000134;164.7290001;0
University0_p_0.000005.db;lubm-ex-20_disjoint.owl;pos1000_prob_0.1;1000;0.1;75671;0.1949999332;1;3.874000072;2394;1.177999973;5.247999907;37088;2.921000004;4369;6763;0.5920000076;191.5929999;0
University0_p_0.00001.db;lubm-ex-20_disjoint.owl;pos1000_prob_0.1;1000;0.1;75678;0.2599999905;1;3.40199995;1985;1.059999943;4.721999884;37116;2.914000034;3800;5785;0.6949999332;202.3559999;0
University0_p_0.000006.db;lubm-ex-20_disjoint.owl;pos1000_prob_0.2;1000;0.2;75679;0.2369999886;66;3.90899992;4067;1.582999945;5.730000019;37102;2.950000048;6926;11009;1.694000006;180.8990002;16
University0_p_0.000005.db;lubm-ex-20_disjoint.owl;pos1000_prob_0.2;1000;0.2;75671;0.2380001545;1;4.962999821;2941;1.599999905;6.802000046;37088;3.24000001;5403;8344;0.5709998608;187.2279999;0
University0_p_0.00001.db;lubm-ex-20_disjoint.owl;pos1000_prob_0.2;1000;0.2;75678;0.2919998169;1;4.424000025;2554;1.085999966;5.802999973;37116;3.284000158;4741;7295;0.8860001564;185.266;0
University0_p_0.000006.db;lubm-ex-20_disjoint.owl;pos1000_prob_0.3;1000;0.3;75679;0.2290000916;1;3.688999891;14990;1.112999916;5.030999899;37102;2.907999992;17802;32792;0.5469999313;116.5709999;0
University0_p_0.00001.db;lubm-ex-20_disjoint.owl;pos1000_prob_0.3;1000;0.3;75678;0.2960000038;2;3.607999802;11540;1.101000071;5.004999876;37116;3.023000002;15136;26676;0.5710000992;138.243;0
University0_p_0.000005.db;lubm-ex-20_disjoint.owl;pos1000_prob_0.3;1000;0.3;75671;0.2430000305;1;3.380999804;7318;1.123000145;4.746999979;37088;2.88499999;10865;18183;0.5739998817;157.6469998;0
University0_p_0.000005.db;lubm-ex-20_disjoint.owl;pos1000_prob_0.4;1000;0.4;75671;0.2189998627;107;3.621999979;12628;3.742000103;7.582999945;37088;2.898999929;15926;28554;0.757999897;135.967;0
University0_p_0.000006.db;lubm-ex-20_disjoint.owl;pos1000_prob_0.4;1000;0.4;75679;0.2770001888;1;4.013999939;8645;1.5;5.791000128;37102;3.258999825;12365;21010;0.5620000362;150.2030001;0
University0_p_0.00001.db;lubm-ex-20_disjoint.owl;pos1000_prob_0.4;1000;0.4;75678;0.3190000057;13;4.032999992;1179;1.203999996;5.555999994;37116;3.280999899;2359;3538;1.264000177;202.0330002;0
University0_p_0.00001.db;lubm-ex-20_disjoint.owl;pos1000_prob_0.5;1000;0.5;75678;0.2690000534;1;4.420000076;9501;1.154999971;5.844000101;37116;3.273000002;13236;22737;0.5390000343;138.299;0
University0_p_0.000005.db;lubm-ex-20_disjoint.owl;pos1000_prob_0.5;1000;0.5;75671;0.3480000496;1;5.096999884;7817;1.164000034;6.609999895;37088;3.204999924;11445;19262;0.6029999256;150.191;0
University0_p_0.000006.db;lubm-ex-20_disjoint.owl;pos1000_prob_0.5;1000;0.5;75679;0.379999876;1;3.960000038;6976;1.142999887;5.482999802;37102;3.338999987;10402;17378;0.4869999886;154.1660001;0
University0_p_0.00001.db;lubm-ex-20_disjoint.owl;pos1000_prob_0.6;1000;0.6;75678;0.2249999046;110;3.811000109;14558;3.851999998;7.888000011;37116;2.857000113;17341;31899;0.521999836;113.0479999;0
University0_p_0.000006.db;lubm-ex-20_disjoint.owl;pos1000_prob_0.6;1000;0.6;75679;0.2539999485;1;3.615999937;3193;1.098999977;4.968999863;37102;2.868000031;5591;8784;1.693000078;187.2220001;0
University0_p_0.000005.db;lubm-ex-20_disjoint.owl;pos1000_prob_0.6;1000;0.6;75671;0.2239999771;17;3.329999924;1014;1.236999989;4.790999889;37088;2.865999937;2104;3118;0.5759999752;206.02;0
University0_p_0.000005.db;lubm-ex-20_disjoint.owl;pos1000_prob_0.7;1000;0.7;75671;0.2309999466;1;3.309000015;16624;1.170000076;4.710000038;37088;2.828000069;19230;35854;0.5309998989;121.898;0
University0_p_0.00001.db;lubm-ex-20_disjoint.owl;pos1000_prob_0.7;1000;0.7;75678;0.2130000591;1;3.003000021;11348;0.9019999504;4.118999958;37116;2.50999999;14716;26064;0.5730001926;114.9880002;0
University0_p_0.000006.db;lubm-ex-20_disjoint.owl;pos1000_prob_0.7;1000;0.7;75679;0.2039999962;2;3.403999805;163;0.9170000553;4.524999857;37102;2.561000109;378;541;0.4820001125;182.2750001;0
University0_p_0.00001.db;lubm-ex-20_disjoint.owl;pos1000_prob_0.8;1000;0.8;75678;0.2339999676;1;2.997999907;17751;0.8519999981;4.083999872;37116;2.495000124;20092;37843;0.3699998856;96.53900003;0
University0_p_0.000006.db;lubm-ex-20_disjoint.owl;pos1000_prob_0.8;1000;0.8;75679;0.1940000057;1;2.934000015;14394;1.007999897;4.135999918;37102;2.546999931;17386;31780;0.3680000305;105.516;0
University0_p_0.000005.db;lubm-ex-20_disjoint.owl;pos1000_prob_0.8;1000;0.8;75671;0.2319998741;1;3.180000067;6323;1.013000011;4.424999952;37088;2.868000031;9743;16066;0.5339999199;159.473;0
University0_p_0.000005.db;lubm-ex-20_disjoint.owl;pos1000_prob_0.9;1000;0.9;75671;0.2939999104;1;3.461999893;12919;1.071000099;4.826999903;37088;2.875;16238;29157;0.4830000401;134.9920001;0
University0_p_0.00001.db;lubm-ex-20_disjoint.owl;pos1000_prob_0.9;1000;0.9;75678;0.2180001736;30;3.684000015;4053;1.127999783;5.029999971;37116;3.100000143;6967;11020;0.3870000839;139.289;0
University0_p_0.000006.db;lubm-ex-20_disjoint.owl;pos1000_prob_0.9;1000;0.9;75679;0.246999979;1;3.21600008;3159;0.9639999866;4.427000046;37102;2.573999882;5674;8833;0.3900001049;151.6950002;0
University0_p_0.000005.db;lubm-ex-20_disjoint.owl;pos1000_prob_1.0;1000;1;75671;0.2649998665;4;3.338000059;27228;1.278000116;4.881000042;37088;2.961999893;26137;53365;0.3169999123;88.94599986;0
University0_p_0.000006.db;lubm-ex-20_disjoint.owl;pos1000_prob_1.0;1000;1;75679;0.2029998302;2;2.892000198;17143;0.8629999161;3.958999872;37102;2.368999958;19534;36677;0.388999939;94.98900008;0
University0_p_0.00001.db;lubm-ex-20_disjoint.owl;pos1000_prob_1.0;1000;1;75678;0.1959998608;1;2.950000048;8704;0.8900001049;4.036000013;37116;2.552000046;12410;21114;0.3109998703;112.7509999;0
University0_p_0.00001.db;lubm-ex-20_disjoint.owl;pos500_prob_0.1;500;0.1;75678;0.3169999123;152;4.200000048;0;0.7619998455;5.278999805;37116;3.069000006;0;421;9.592999935;223.2689998;421
University0_p_0.000005.db;lubm-ex-20_disjoint.owl;pos500_prob_0.1;500;0.1;75671;0.2249999046;2;3.400000095;0;0.5620000362;4.187000036;37088;2.917999983;0;90;0.4289999008;225.1439998;90
University0_p_0.000005.db;lubm-ex-20_disjoint.owl;pos500_prob_0.2;500;0.2;75671;0.2400000095;18;3.335000038;27854;0.6519999504;4.226999998;37088;2.893000126;26468;54322;0.2239999771;84.03900003;0
University0_p_0.000006.db;lubm-ex-20_disjoint.owl;pos500_prob_0.2;500;0.2;75679;0.2179999352;4;4.203999996;10272;0.5859999657;5.007999897;37102;3.440999985;13663;24010;0.2259998322;142.9029999;75
University0_p_0.00001.db;lubm-ex-20_disjoint.owl;pos500_prob_0.2;500;0.2;75678;0.2229998112;46;3.380000114;2979;0.7950000763;4.398000002;37116;6.232000113;5206;8185;1.183000088;194.2160001;0
University0_p_0.000005.db;lubm-ex-20_disjoint.owl;pos500_prob_0.3;500;0.3;75671;0.2179999352;4;3.190000057;5330;0.6619999409;4.069999933;37088;2.947000027;8548;13878;0.2219998837;169.5149999;0
University0_p_0.000006.db;lubm-ex-20_disjoint.owl;pos500_prob_0.3;500;0.3;75679;0.2190001011;1;3.648999929;2394;0.5780000687;4.446000099;37102;2.855000019;4422;6816;0.2430000305;190.043;0
University0_p_0.00001.db;lubm-ex-20_disjoint.owl;pos500_prob_0.3;500;0.3;75678;0.2479999065;22;3.734999895;605;0.626999855;4.610999823;37116;2.901000023;1264;1869;0.4800000191;210.9000001;0
University0_p_0.00001.db;lubm-ex-20_disjoint.owl;pos500_prob_0.4;500;0.4;75678;0.2179999352;1;3.414999962;8842;0.6600000858;4.292999983;37116;2.861000061;12558;21400;0.3329999447;144.8180001;0
University0_p_0.000005.db;lubm-ex-20_disjoint.owl;pos500_prob_0.4;500;0.4;75671;0.242000103;55;3.247999907;5440;0.9190001488;4.409000158;37088;2.853000164;8747;14187;0.4260001183;174.5410001;0
University0_p_0.000006.db;lubm-ex-20_disjoint.owl;pos500_prob_0.4;500;0.4;75679;0.3439998627;23;3.648999929;2664;0.7620000839;4.754999876;37102;2.876999855;4822;7486;0.3090000153;191.046;0
University0_p_0.000006.db;lubm-ex-20_disjoint.owl;pos500_prob_0.5;500;0.5;75679;0.2240002155;84;3.625;11392;1.337999821;5.187000036;37102;2.900000095;14748;26153;0.3450000286;141.71;13
University0_p_0.000005.db;lubm-ex-20_disjoint.owl;pos500_prob_0.5;500;0.5;75671;0.2319998741;1;3.22300005;7979;0.5529999733;4.007999897;37088;2.99000001;11410;19389;0.1899998188;155.9169998;0
University0_p_0.00001.db;lubm-ex-20_disjoint.owl;pos500_prob_0.5;500;0.5;75678;0.2239999771;1;4.467999935;7337;0.6750001907;5.367000103;37116;2.976999998;10899;18236;0.4249999523;157.5880001;0
University0_p_0.000005.db;lubm-ex-20_disjoint.owl;pos500_prob_0.6;500;0.6;75671;0.2279999256;2;3.364000082;25349;0.6899998188;4.281999826;37088;2.878000021;25150;50499;0.1640000343;86.54100013;0
University0_p_0.000006.db;lubm-ex-20_disjoint.owl;pos500_prob_0.6;500;0.6;75679;0.2170000076;3;3.536999941;9506;0.6419999599;4.395999908;37102;2.869000196;12998;22504;0.1969997883;149.4809999;0
University0_p_0.00001.db;lubm-ex-20_disjoint.owl;pos500_prob_0.6;500;0.6;75678;0.2929999828;3;4.019999981;309;0.6420001984;4.955000162;37116;3.483999968;664;973;0.2349998951;215.3069999;0
University0_p_0.000005.db;lubm-ex-20_disjoint.owl;pos500_prob_0.7;500;0.7;75671;0.2060000896;11;3.486000061;17335;0.6629998684;4.355000019;37088;2.802999973;19665;37000;0.1840000153;122.7720001;0
University0_p_0.000006.db;lubm-ex-20_disjoint.owl;pos500_prob_0.7;500;0.7;75679;0.2319998741;1;3.559000015;11493;0.6070001125;4.398000002;37102;2.911000013;14970;26463;0.1689999104;139.2249999;0
University0_p_0.00001.db;lubm-ex-20_disjoint.owl;pos500_prob_0.7;500;0.7;75678;0.3459999561;1;4.077000141;9245;0.6319999695;5.055000067;37116;3.397000074;12820;22065;0.1849999428;143.7720001;0
University0_p_0.000005.db;lubm-ex-20_disjoint.owl;pos500_prob_0.8;500;0.8;75671;0.245000124;148;3.588999987;15213;2.652999878;6.486999989;37088;2.91899991;18084;33297;0.2660000324;127.493;0
University0_p_0.00001.db;lubm-ex-20_disjoint.owl;pos500_prob_0.8;500;0.8;75678;0.243999958;3;3.394999981;7032;0.5429999828;4.181999922;37116;2.796999931;10681;17713;0.1710000038;156.441;0
University0_p_0.000006.db;lubm-ex-20_disjoint.owl;pos500_prob_0.8;500;0.8;75679;0.2079999447;1;3.57400012;2359;0.6769998074;4.458999872;37102;2.825999975;4379;6738;0.1850001812;188.1960001;0
University0_p_0.00001.db;lubm-ex-20_disjoint.owl;pos500_prob_0.9;500;0.9;75678;0.2260000706;1;3.467999935;13316;0.5839998722;4.277999878;37116;2.898999929;16564;29880;0.1529998779;133.6619999;0
University0_p_0.000005.db;lubm-ex-20_disjoint.owl;pos500_prob_0.9;500;0.9;75671;0.2430000305;4;3.417000055;7706;0.5569999218;4.217000008;37088;2.877000093;11493;19199;0.2080001831;154.4980001;0
University0_p_0.000006.db;lubm-ex-20_disjoint.owl;pos500_prob_0.9;500;0.9;75679;0.2350001335;1;3.592999935;7675;0.5850000381;4.413000107;37102;2.845000029;11230;18905;0.1959998608;154.3049998;0
University0_p_0.000005.db;lubm-ex-20_disjoint.owl;pos500_prob_1.0;500;1;75671;0.2179999352;3;4.046000004;8281;0.6540000439;4.917999983;37088;2.837000132;11886;20167;0.1769998074;144.1789999;0
University0_p_0.000006.db;lubm-ex-20_disjoint.owl;pos500_prob_1.0;500;1;75679;0.3339998722;37;3.631999969;5311;0.8960001469;4.861999989;37102;2.796999931;8628;13939;0.1859998703;172.1659999;0
University0_p_0.00001.db;lubm-ex-20_disjoint.owl;pos500_prob_1.0;500;1;75678;0.2309999466;10;3.509000063;1458;0.632999897;4.372999907;37116;3.00999999;2841;4299;0.1770000458;199.75;0
University0_p_0.000006.db;lubm-ex-20_disjoint.owl;pos100_prob_0.2;100;0.2;75679;0.2189998627;29;3.311000109;2869;0.3139998913;3.843999863;37102;2.735999823;5178;8673;0.5539999008;176.7079999;626
University0_p_0.00001.db;lubm-ex-20_disjoint.owl;pos100_prob_0.3;100;0.3;75678;0.1840000153;3;3.000999928;8774;0.2670001984;3.452000141;37116;2.64199996;12259;21702;0.1480000019;140.99;669
University0_p_0.000005.db;lubm-ex-20_disjoint.owl;pos100_prob_0.4;100;0.4;75671;0.2050001621;1;3.053999901;3096;0.3350000381;3.594000101;37088;2.766000032;5567;8663;0.1180000305;178.2449999;0
University0_p_0.000006.db;lubm-ex-20_disjoint.owl;pos100_prob_0.4;100;0.4;75679;0.1909999847;86;3.673000097;2959;0.3379998207;4.201999903;37102;2.672999859;5215;8174;0.8120000362;181.9160001;0
University0_p_0.00001.db;lubm-ex-20_disjoint.owl;pos100_prob_0.4;100;0.4;75678;0.2890000343;58;4.530999899;1498;0.3970000744;5.217000008;37116;3.501000166;2878;4376;0.6889998913;198.184;0
University0_p_0.000005.db;lubm-ex-20_disjoint.owl;pos100_prob_0.5;100;0.5;75671;0.2349998951;115;3.332000017;8698;0.5810000896;4.148000002;37088;2.88499999;12187;20885;0.5290000439;152.016;0
University0_p_0.00001.db;lubm-ex-20_disjoint.owl;pos100_prob_0.6;100;0.6;75678;0.2650001049;6;3.963999987;7283;0.4309999943;4.660000086;37116;2.82400012;10772;18055;0.1179997921;155.0999999;0
University0_p_0.000005.db;lubm-ex-20_disjoint.owl;pos100_prob_0.6;100;0.6;75671;0.2590000629;1;3.200000048;5899;0.3299999237;3.789000034;37088;2.851999998;9351;15250;0.09599995613;153.7939999;0
University0_p_0.000006.db;lubm-ex-20_disjoint.owl;pos100_prob_0.6;100;0.6;75679;0.2139999866;45;3.667999983;2992;0.3600001335;4.242000103;37102;3.038000107;5343;8335;0.2690000534;188.7610002;0
University0_p_0.000005.db;lubm-ex-20_disjoint.owl;pos100_prob_0.7;100;0.7;75671;0.2660000324;13;3.602999926;17045;0.3820002079;4.251000166;37088;3.470000029;19395;36440;0.08099985123;114.8729999;0
University0_p_0.00001.db;lubm-ex-20_disjoint.owl;pos100_prob_0.7;100;0.7;75678;0.3880000114;46;3.569999933;2860;0.5329999924;4.490999937;37116;3.885999918;5262;8122;0.2459998131;179.7679999;0
University0_p_0.000005.db;lubm-ex-20_disjoint.owl;pos100_prob_0.8;100;0.8;75671;0.1850001812;62;3.257999897;4403;0.4660000801;3.909000158;37088;2.809000015;7375;11778;0.1990001202;172.0420001;0
University0_p_0.00001.db;lubm-ex-20_disjoint.owl;pos100_prob_0.8;100;0.8;75678;0.2309999466;3;3.427999973;4413;0.3020000458;3.960999966;37116;2.893000126;7299;11712;0.1489999294;176.875;0
University0_p_0.000006.db;lubm-ex-20_disjoint.owl;pos100_prob_0.8;100;0.8;75679;0.2990000248;1;4.340000153;2971;0.3729999065;5.012000084;37102;3.463999987;5316;8287;0.09599995613;190.967;0
University0_p_0.000005.db;lubm-ex-20_disjoint.owl;pos100_prob_0.9;100;0.9;75671;0.2149999142;1;3.311000109;25690;0.4110000134;3.937000036;37088;2.79399991;25236;50926;0.0569999218;96.57099986;0
University0_p_0.000006.db;lubm-ex-20_disjoint.owl;pos100_prob_0.9;100;0.9;75679;0.253000021;3;3.644999981;14238;0.3289999962;4.227999926;37102;2.822999954;17558;31796;0.06900000572;112.734;0
University0_p_0.00001.db;lubm-ex-20_disjoint.owl;pos100_prob_0.9;100;0.9;75678;0.246999979;1;4.365999937;7300;0.4850001335;5.09800005;37116;3.289999962;10919;18219;0.07299995422;148.4909999;0
University0_p_0.000005.db;lubm-ex-20_disjoint.owl;pos100_prob_1.0;100;1;75671;0.3090000153;1;4.136999846;18282;0.8360002041;5.282000065;37088;3.84100008;20284;38566;0.05800008774;105.5840001;0
University0_p_0.00001.db;lubm-ex-20_disjoint.owl;pos100_prob_1.0;100;1;75678;0.2239999771;1;3.559000015;5771;0.4010000229;4.184000015;37116;3.188999891;9097;14868;0.08399987221;166.507;0
University0_p_0.000006.db;lubm-ex-20_disjoint.owl;pos100_prob_1.0;100;1;75679;0.3659999371;43;4.351000071;4522;0.4749999046;5.191999912;37102;3.003999949;7627;12149;0.2880001068;177.3540001;0
University0_p_0.000005.db;lubm-ex-20_disjoint.owl;pos100_prob_0.1;100;0.1;75671;0.1780002117;7;3.359999895;0;0.2119998932;3.75;37088;2.099000216;0;0;0.3919999599;177.4420002;0
University0_p_0.000006.db;lubm-ex-20_disjoint.owl;pos100_prob_0.1;100;0.1;75679;0.1670000553;11;4.044999838;0;0.2080001831;4.420000076;37102;2.403999805;0;0;0.4719998837;192.358;0
University0_p_0.00001.db;lubm-ex-20_disjoint.owl;pos100_prob_0.1;100;0.1;75678;0.1710000038;478;4.103999853;0;0.3919999599;4.666999817;37116;2.608999968;0;0;11.50699997;205.9809999;0
University0_p_0.000005.db;lubm-ex-20_disjoint.owl;pos100_prob_0.2;100;0.2;75671;0.1929998398;116;2.958000183;0;0.3409998417;3.491999865;37088;2.656999826;0;0;2.69299984;204.612;0
University0_p_0.00001.db;lubm-ex-20_disjoint.owl;pos100_prob_0.2;100;0.2;75678;0.2660000324;537;3.879999876;0;0.9850001335;5.131000042;37116;2.661000013;0;0;6.542999983;200.02;0
University0_p_0.000005.db;lubm-ex-20_disjoint.owl;pos100_prob_0.3;100;0.3;75671;0.1949999332;134;3.016000032;0;0.2769999504;3.487999916;37088;2.651000023;0;0;2.421000004;197.447;0
University0_p_0.000006.db;lubm-ex-20_disjoint.owl;pos100_prob_0.3;100;0.3;75679;0.1860001087;6;3.034999847;0;0.2590000629;3.480000019;37102;2.563999891;0;0;0.2449998856;200.8410001;0
University0_p_0.000006.db;lubm-ex-20_disjoint.owl;pos100_prob_0.5;100;0.5;75679;0.2200000286;9;3.767999887;0;0.2980000973;4.286000013;37102;2.833999872;0;0;0.1930000782;212.632;0
University0_p_0.00001.db;lubm-ex-20_disjoint.owl;pos100_prob_0.5;100;0.5;75678;0.2430000305;2;3.44900012;0;0.3429999352;4.035000086;37116;2.872999907;0;0;0.1690001488;211.079;0
University0_p_0.000006.db;lubm-ex-20_disjoint.owl;pos100_prob_0.7;100;0.7;75679;0.2139999866;2;3.511000156;0;0.3079998493;4.032999992;37102;2.913000107;0;0;0.1289999485;213.0829999;0
University0_p_0.000006.db;lubm-ex-20_disjoint.owl;pos500_prob_0.1;500;0.1;75679;0.373000145;88;6.187000036;0;0.632999897;7.193000078;37102;3.311000109;0;0;6.740999937;218.467;0
University0_p_0.000005.db;lubm-ex-20_disjoint.owl;pos100_prob_0.3;;;75671;0.315000057220459;119;3.40299987792969;0;0.39900016784668;4.11700010299683;37088;2.83500003814697;0;809;3.33299994468689;236.016999959946;809
University0_p_0.000005.db;lubm-ex-20_disjoint.owl;pos100_prob_0.5;;;75671;0.307999849319458;9;2.87100005149841;0;0.323000192642212;3.50300002098083;37088;3.30900001525879;0;0;0.214999914169312;191.869999885559;0
University0_p_0.000005.db;lubm-ex-20_disjoint.owl;pos100_prob_0.7;;;75671;0.309000015258789;1;3.10500001907349;10114;0.296000003814697;3.7110002040863;37088;2.75200009346008;13718;23832;0.085000038146973;125.578999996185;0
University0_p_0.000005.db;lubm-ex-20_disjoint.owl;pos100_prob_0.9;;;75671;0.275000095367432;19;3.09899997711182;35291;0.522000074386597;3.8970000743866;37088;2.91499996185303;30279;65570;0.059999942779541;63.2230000495911;0
University0_p_0.000005.db;lubm-ex-20_disjoint.owl;pos1000_prob_0.3;;;75671;0.171000003814697;1;2.40700006484985;7400;0.786999940872192;3.36500000953674;37088;2.20700001716614;10950;18350;0.407999992370606;102.162000179291;0
University0_p_0.000005.db;lubm-ex-20_disjoint.owl;pos1000_prob_0.5;;;75671;0.190999984741211;7;2.36199998855591;10157;0.716000080108643;3.26900005340576;37088;2.13599991798401;13679;23836;0.427999973297119;91.7439999580383;0
University0_p_0.000005.db;lubm-ex-20_disjoint.owl;pos1000_prob_0.7;;;75671;0.217000007629395;1;2.36299991607666;4796;0.743000030517578;3.32299995422363;37088;2.09099984169006;7888;12684;0.388999938964844;111.242000102997;0
University0_p_0.000005.db;lubm-ex-20_disjoint.owl;pos1000_prob_0.9;;;75671;0.196000099182129;3;3.29499983787537;36083;0.867000102996826;4.35800004005432;37088;2.10400009155273;30784;66867;0.20799994468689;53.4509999752045;0
University0_p_0.000005.db;lubm-ex-20_disjoint.owl;pos250_prob_0.3;;;75671;0.205000162124634;1;3.30299997329712;3006;0.421000003814697;3.92900013923645;37088;3.13500022888184;5398;8404;0.123999834060669;156.196999788284;0
University0_p_0.000005.db;lubm-ex-20_disjoint.owl;pos250_prob_0.5;;;75671;0.176999807357788;79;3.23600006103516;2414;0.526000022888184;3.93899989128113;37088;3.22300004959106;4452;6866;0.560999870300293;165.81200003624;0
University0_p_0.000005.db;lubm-ex-20_disjoint.owl;pos250_prob_0.7;;;75671;0.308000087738037;1;2.94199991226196;2451;0.354000091552734;3.60400009155273;37088;3.06299996376038;4590;7041;0.085000038146973;158.656999826431;0
University0_p_0.000005.db;lubm-ex-20_disjoint.owl;pos250_prob_0.9;;;75671;0.340999841690063;1;3.48900008201599;15035;0.45799994468689;4.28799986839294;37088;2.59599995613098;17891;32926;0.079999923706055;91.2350001335144;0
University0_p_0.000005.db;lubm-ex-20_disjoint.owl;pos2500_prob_0.3;;;75671;0.263000011444092;2;2.3600001335144;5868;3.29900002479553;5.92200016975403;37088;2.20700001716614;9186;15054;2.51999998092651;113.013000011444;0
University0_p_0.000005.db;lubm-ex-20_disjoint.owl;pos2500_prob_0.5;;;75671;0.261000156402588;2;2.44799995422363;8246;3.29099988937378;6;37088;2.13499999046326;11973;20219;1.95299983024597;103.799999952316;0
University0_p_0.000005.db;lubm-ex-20_disjoint.owl;pos2500_prob_0.7;;;75671;0.200999975204468;1;2.41900014877319;943;3.3989999294281;6.01900005340576;37088;2.1710000038147;1926;2869;2.15499997138977;139.809000015259;0
University0_p_0.000005.db;lubm-ex-20_disjoint.owl;pos2500_prob_0.9;;;75671;0.276999950408936;1;2.37700009346008;11117;3.1269998550415;5.78099989891052;37088;2.20500016212463;14738;25855;1.97300004959106;93.9930000305176;0
University0_p_0.000005.db;lubm-ex-20_disjoint.owl;pos50_prob_0.3;;;75671;0.200000047683716;53;3.10899996757507;0;0.367000102996826;3.67600011825562;37088;2.8199999332428;0;0;0.872999906539917;193.144999980927;0
University0_p_0.000005.db;lubm-ex-20_disjoint.owl;pos50_prob_0.5;;;75671;0.32099986076355;10;3.20800018310547;5943;0.319000005722046;3.84800004959106;37088;3.1489999294281;9456;15399;0.174000024795532;169.526999950409;0
University0_p_0.000005.db;lubm-ex-20_disjoint.owl;pos50_prob_0.7;;;75671;0.220999956130981;51;3.66400003433228;0;0.384999990463257;4.26999998092651;37088;3.04800009727478;0;0;0.395999908447266;202.220999956131;0
University0_p_0.000005.db;lubm-ex-20_disjoint.owl;pos50_prob_0.9;;;75671;0.267999887466431;1;2.91799998283386;11564;0.297000169754028;3.48300004005432;37088;2.92899990081787;15022;26586;0.073000192642212;124.087000131607;0
University0_p_0.000005.db;lubm-ex-20_disjoint.owl;pos500_prob_0.3;;;75671;0.187999963760376;110;2.65199995040894;9094;0.877000093460083;3.71700000762939;37088;2.11299991607666;12817;21911;0.510999917984009;95.7189998626709;0
University0_p_0.000005.db;lubm-ex-20_disjoint.owl;pos500_prob_0.5;;;75671;0.167999982833862;2;2.3439998626709;1789;0.424000024795532;2.93599987030029;37088;2.10199999809265;3443;5232;0.177999973297119;127.259999990463;0
University0_p_0.000005.db;lubm-ex-20_disjoint.owl;pos500_prob_0.7;;;75671;0.203000068664551;1;2.43400001525879;10729;0.509999990463257;3.1470000743866;37088;2.08200001716614;14357;25086;0.157999992370606;88.9579999446869;0
University0_p_0.000005.db;lubm-ex-20_disjoint.owl;pos500_prob_0.9;;;75671;0.190000057220459;6;2.36199998855591;27757;0.47000002861023;3.0220000743866;37088;2.15899991989136;26393;54150;0.13700008392334;60.8110001087189;0
University0_p_0.000005.db;lubm-ex-20_disjoint.owl;pos5000_prob_0.3;;;75671;0.270999908447266;1;2.4539999961853;2771;11.0820000171661;13.8069999217987;37088;2.36299991607666;4967;7738;9.48800015449524;145.656000137329;0
University0_p_0.000005.db;lubm-ex-20_disjoint.owl;pos5000_prob_0.5;;;75671;0.463000059127808;1;2.36500000953674;18098;11.3719999790192;14.2000000476837;37088;2.37700009346008;20243;38341;5.18799996376038;90.5820000171661;0
University0_p_0.000005.db;lubm-ex-20_disjoint.owl;pos5000_prob_0.7;;;75671;0.523000001907349;4;2.48599982261658;6122;11.7070000171661;14.7159998416901;37088;2.31599998474121;9533;15655;5.71600008010864;125.539000034332;0
University0_p_0.000005.db;lubm-ex-20_disjoint.owl;pos5000_prob_0.9;;;75671;0.392999887466431;1;2.45500016212463;8919;11.3339998722076;14.1819999217987;37088;2.46199989318848;12638;21557;5.60399985313416;115.207999944687;0
University0_p_0.000005.db;lubm-ex-20_disjoint.owl;pos750_prob_0.3;;;75671;0.20199990272522;83;2.54399991035461;9546;1.30900001525879;4.05499982833862;37088;2.19700002670288;13150;22696;0.488000154495239;95.5730001926422;0
University0_p_0.000005.db;lubm-ex-20_disjoint.owl;pos750_prob_0.5;;;75671;0.20199990272522;121;2.62599992752075;14716;2.03500008583069;4.86299991607666;37088;2.15100002288818;17874;32590;0.316999912261963;83.2450001239777;0
University0_p_0.000005.db;lubm-ex-20_disjoint.owl;pos750_prob_0.7;;;75671;0.171000003814697;1;2.41200017929077;1155;0.680999994277954;3.26400017738342;37088;2.08500003814697;2307;3462;0.276999950408936;132.054000139236;0
University0_p_0.000005.db;lubm-ex-20_disjoint.owl;pos750_prob_0.9;;;75671;0.176000118255615;1;2.36999988555908;1787;0.625999927520752;3.17199993133545;37088;2.18599987030029;3413;5200;0.26800012588501;126.788000106812;0
University0_p_0.000006.db;lubm-ex-20_disjoint.owl;pos100_prob_0.3;;;75679;0.222999811172485;11;3.5310001373291;0;0.312999963760376;4.06699991226196;37102;2.84299993515015;0;869;0.390000104904175;185.542000055313;869
University0_p_0.000006.db;lubm-ex-20_disjoint.owl;pos750_prob_0.3;;;75679;0.20199990272522;62;2.6470000743866;5689;0.788000106811523;3.63700008392334;37102;2.14699983596802;9136;14845;0.525999784469605;109.732999801636;20
University0_p_0.000006.db;lubm-ex-20_disjoint.owl;pos100_prob_0.5;;;75679;0.296000003814697;8;3.72000002861023;2971;0.302000045776367;4.31800007820129;37102;2.72699999809265;5381;8352;0.230999946594238;162.816999912262;0
University0_p_0.000006.db;lubm-ex-20_disjoint.owl;pos100_prob_0.7;;;75679;0.279000043869019;1;4.07500004768372;3002;0.473999977111816;4.82800006866455;37102;3.09599995613098;5401;8403;0.111999988555908;156.932999849319;0
University0_p_0.000006.db;lubm-ex-20_disjoint.owl;pos100_prob_0.9;;;75679;0.309999942779541;2;3.53200006484985;5880;0.391999959945679;4.23399996757507;37102;5.0239999294281;9265;15145;0.089999914169312;167.621999979019;0
University0_p_0.000006.db;lubm-ex-20_disjoint.owl;pos1000_prob_0.3;;;75679;0.180999994277954;5;2.58800005912781;5717;0.801999807357788;3.57099986076355;37102;2.13399982452393;9115;14832;0.467999935150147;107.434000015259;0
University0_p_0.000006.db;lubm-ex-20_disjoint.owl;pos1000_prob_0.5;;;75679;0.205000162124634;5;2.59200000762939;10428;0.881999969482422;3.67900013923645;37102;2.25399994850159;13895;24323;0.437999963760376;95.5620000362396;0
University0_p_0.000006.db;lubm-ex-20_disjoint.owl;pos1000_prob_0.7;;;75679;0.177999973297119;2;2.63899993896484;2706;0.940999984741211;3.75799989700317;37102;2.09600019454956;4895;7601;0.47000002861023;123.164999961853;0
University0_p_0.000006.db;lubm-ex-20_disjoint.owl;pos1000_prob_0.9;;;75679;0.226999998092651;1;2.6029999256134;3340;0.886000156402588;3.71600008010864;37102;2.12099981307983;5914;9254;0.414000034332275;119.457000017166;0
University0_p_0.000006.db;lubm-ex-20_disjoint.owl;pos250_prob_0.3;;;75679;0.236000061035156;2;2.96799993515015;4203;0.410000085830689;3.61500000953674;37102;2.70699977874756;7072;11275;0.161999940872192;144.135999917984;0
University0_p_0.000006.db;lubm-ex-20_disjoint.owl;pos250_prob_0.5;;;75679;0.260999917984009;40;3.65499997138977;2458;0.379000186920166;4.29500007629395;37102;2.68799996376038;4485;6943;0.337999820709229;155.738999843597;0
University0_p_0.000006.db;lubm-ex-20_disjoint.owl;pos250_prob_0.7;;;75679;0.257999897003174;1;3.82300019264221;4186;0.620999813079834;4.70199990272522;37102;4.32200002670288;7119;11305;0.095999956130981;163.451999902725;0
University0_p_0.000006.db;lubm-ex-20_disjoint.owl;pos250_prob_0.9;;;75679;0.178999900817871;1;7.02799987792969;17403;0.656000137329102;7.86299991607666;37102;2.88599991798401;19902;37305;0.134999990463257;101.069000005722;0
University0_p_0.000006.db;lubm-ex-20_disjoint.owl;pos2500_prob_0.3;;;75679;0.272000074386597;1;2.56900000572205;3512;3.1729998588562;6.01399993896484;37102;2.10500001907349;6061;9573;2.57500004768372;124.84500002861;0
University0_p_0.000006.db;lubm-ex-20_disjoint.owl;pos2500_prob_0.5;;;75679;0.197999954223633;1;2.58500003814697;6867;3.26600003242493;6.04900002479553;37102;2.20599985122681;10364;17231;2.31900000572205;109.493000030518;0
University0_p_0.000006.db;lubm-ex-20_disjoint.owl;pos2500_prob_0.7;;;75679;0.265000104904175;1;2.58399987220764;14286;3.05900001525879;5.90799999237061;37102;2.18899989128113;17286;31572;2.00399994850159;86.6959998607635;0
University0_p_0.000006.db;lubm-ex-20_disjoint.owl;pos2500_prob_0.9;;;75679;0.250999927520752;2;2.62400007247925;5915;3.04900002479553;5.92400002479553;37102;2.22100019454956;9111;15026;1.89100003242493;112.947000026703;0
University0_p_0.000006.db;lubm-ex-20_disjoint.owl;pos50_prob_0.3;;;75679;0.193000078201294;3;4.06900000572205;2931;0.407000064849854;4.66900014877319;37102;3.8510000705719;5237;8168;0.125;157.302999973297;0
University0_p_0.000006.db;lubm-ex-20_disjoint.owl;pos50_prob_0.5;;;75679;0.281000137329102;111;2.81299996376038;5848;0.282999992370606;3.37700009346008;37102;2.32799983024597;9192;15040;0.831000089645386;143.679000139236;0
University0_p_0.000006.db;lubm-ex-20_disjoint.owl;pos50_prob_0.7;;;75679;0.23199987411499;4;2.90000009536743;0;0.404999971389771;3.53699994087219;37102;2.78199982643127;0;0;0.168999910354614;173.708999872208;0
University0_p_0.000006.db;lubm-ex-20_disjoint.owl;pos50_prob_0.9;;;75679;0.273999929428101;1;4.32800006866455;5933;0.492000102996826;5.09400010108948;37102;3.05800008773804;9156;15089;0.078000068664551;138.275000095367;0
University0_p_0.000006.db;lubm-ex-20_disjoint.owl;pos500_prob_0.3;;;75679;0.196000099182129;1;2.53699994087219;5480;0.543999910354614;3.27699995040894;37102;2.12199997901916;8690;14170;0.203999996185303;106.972999811172;0
University0_p_0.000006.db;lubm-ex-20_disjoint.owl;pos500_prob_0.5;;;75679;0.197000026702881;30;2.53299999237061;3341;0.45799994468689;3.18799996376038;37102;2.17700004577637;5858;9199;0.230000019073486;117.282999992371;0
University0_p_0.000006.db;lubm-ex-20_disjoint.owl;pos500_prob_0.7;;;75679;0.151000022888184;1;2.63599991798401;953;0.53600001335144;3.32299995422363;37102;2.15000009536743;1940;2893;0.193000078201294;134.828999996185;0
University0_p_0.000006.db;lubm-ex-20_disjoint.owl;pos500_prob_0.9;;;75679;0.196000099182129;55;2.68599987030029;8531;0.692000150680542;3.57400012016296;37102;2.14300012588501;11973;20504;0.171999931335449;98.944000005722;0
University0_p_0.000006.db;lubm-ex-20_disjoint.owl;pos5000_prob_0.3;;;75679;0.476999998092651;1;2.58399987220764;2909;11.1960000991821;14.2569999694824;37102;2.40700006484985;5245;8154;9.56900000572205;145.832999944687;0
University0_p_0.000006.db;lubm-ex-20_disjoint.owl;pos5000_prob_0.5;;;75679;0.473000049591064;1;2.63499999046326;4134;11.1610000133514;14.2690000534058;37102;2.40300011634827;7048;11182;8.67700004577637;139.624000072479;0
University0_p_0.000006.db;lubm-ex-20_disjoint.owl;pos5000_prob_0.7;;;75679;0.394000053405762;1;2.64299988746643;4485;11.2929999828339;14.3299999237061;37102;2.37999987602234;7579;12064;6.54100012779236;133.998000144959;0
University0_p_0.000006.db;lubm-ex-20_disjoint.owl;pos5000_prob_0.9;;;75679;0.442999839782715;1;2.56400012969971;3388;11.1189999580383;14.1259999275208;37102;2.29699993133545;5865;9253;7.55600023269653;140.766000032425;0
University0_p_0.000006.db;lubm-ex-20_disjoint.owl;pos750_prob_0.5;;;75679;0.205999851226807;59;2.75;9696;1.02400016784668;3.98000001907349;37102;2.08399987220764;13311;23007;0.338000059127808;95.4909999370575;0
University0_p_0.000006.db;lubm-ex-20_disjoint.owl;pos750_prob_0.7;;;75679;0.171000003814697;22;2.57400012016296;986;0.589999914169312;3.33500003814697;37102;2.13399982452393;1939;2925;0.36899995803833;133.893999814987;0
University0_p_0.000006.db;lubm-ex-20_disjoint.owl;pos750_prob_0.9;;;75679;0.197000026702881;2;2.57299995422363;215;0.59600019454956;3.36600017547607;37102;2.10700011253357;473;688;0.302999973297119;140.30999994278;0
University0_p_0.00001.db;lubm-ex-20_disjoint.owl;pos100_prob_0.3;;;75678;0.272000074386597;2;3.14800000190735;0;0.261999845504761;3.68199992179871;37116;3.02199983596802;0;0;0.174999952316284;187.683000087738;0
University0_p_0.00001.db;lubm-ex-20_disjoint.owl;pos100_prob_0.5;;;75678;0.311000108718872;82;3.2739999294281;5785;0.540999889373779;4.12599992752075;37116;3.44599986076355;9104;14889;0.48799991607666;145.046000003815;0
University0_p_0.00001.db;lubm-ex-20_disjoint.owl;pos100_prob_0.7;;;75678;0.329999923706055;1;3.75100016593933;17021;0.483999967575073;4.56500005722046;37116;2.79999995231628;19492;36513;0.103000164031982;102.263000011444;0
University0_p_0.00001.db;lubm-ex-20_disjoint.owl;pos100_prob_0.9;;;75678;0.296000003814697;3;3.55200004577637;15639;0.390999794006348;4.23899984359741;37116;2.78800010681152;18385;34024;0.089999914169312;102.955999851227;0
University0_p_0.00001.db;lubm-ex-20_disjoint.owl;pos1000_prob_0.3;;;75678;0.205999851226807;1;3.18099999427795;1774;0.891000032424927;4.27799987792969;37116;2.04299998283386;3373;5147;0.437000036239624;127.94000005722;0
University0_p_0.00001.db;lubm-ex-20_disjoint.owl;pos1000_prob_0.3;;;75678;0.278999805450439;169;3.21800017356873;22804;4.88399982452393;8.38099980354309;37116;2.21599984169006;23453;46257;0.54800009727478;74.7410001754761;0
University0_p_0.00001.db;lubm-ex-20_disjoint.owl;pos1000_prob_0.5;;;75678;0.172000169754028;4;2.58799982070923;283;0.833000183105469;3.59300017356873;37116;2.13300013542175;583;866;0.452000141143799;147.046000003815;0
University0_p_0.00001.db;lubm-ex-20_disjoint.owl;pos1000_prob_0.5;;;75678;0.227999925613403;8;2.53400015830994;646;0.832000017166138;3.59400010108948;37116;2.1399998664856;1370;2016;0.471999883651733;136.205999851227;0
University0_p_0.00001.db;lubm-ex-20_disjoint.owl;pos1000_prob_0.7;;;75678;0.203999996185303;82;2.8050000667572;11575;1.77799987792969;4.78699994087219;37116;2.10199999809265;15023;26598;0.395000219345093;90.364000082016;0
University0_p_0.00001.db;lubm-ex-20_disjoint.owl;pos1000_prob_0.7;;;75678;0.20799994468689;44;2.55099987983704;5597;1.13300013542175;3.89199995994568;37116;2.18499994277954;8917;14514;0.539999961853027;109.846999883652;0
University0_p_0.00001.db;lubm-ex-20_disjoint.owl;pos1000_prob_0.9;;;75678;0.220000028610229;1;3.96399998664856;13165;0.927999973297119;5.11199998855591;37116;2.0310001373291;16472;29637;0.343999862670898;83.4689998626709;0
University0_p_0.00001.db;lubm-ex-20_disjoint.owl;pos1000_prob_0.9;;;75678;0.226000070571899;1;2.55299997329712;1229;0.901000022888184;3.6800000667572;37116;2.09000015258789;2467;3696;0.463000059127808;132.321000099182;0
University0_p_0.00001.db;lubm-ex-20_disjoint.owl;pos250_prob_0.3;;;75678;0.170000076293945;162;3.20599985122681;4699;0.597000122070313;3.97300004959106;37116;3.13100004196167;7689;12388;2.07299995422363;139.023000001907;0
University0_p_0.00001.db;lubm-ex-20_disjoint.owl;pos250_prob_0.5;;;75678;0.26200008392334;1;2.8289999961853;10280;0.421999931335449;3.51300001144409;37116;2.36899995803833;14000;24280;0.102999925613403;111.251999855042;0
University0_p_0.00001.db;lubm-ex-20_disjoint.owl;pos250_prob_0.7;;;75678;0.189000129699707;1;3.6399998664856;4229;0.459000110626221;4.28800010681152;37116;2.89299988746643;7207;11436;0.126999855041504;148.238999843597;0
University0_p_0.00001.db;lubm-ex-20_disjoint.owl;pos250_prob_0.9;;;75678;0.306999921798706;1;3.20900011062622;15162;0.38100004196167;3.8970000743866;37116;2.90800023078918;18047;33209;0.081000089645386;111.634000062943;0
University0_p_0.00001.db;lubm-ex-20_disjoint.owl;pos2500_prob_0.3;;;75678;0.230999946594238;81;3.56900000572205;8804;4.6100001335144;8.41000008583069;37116;2.18799996376038;12477;21281;2.58100008964539;106.59700012207;0
University0_p_0.00001.db;lubm-ex-20_disjoint.owl;pos2500_prob_0.5;;;75678;0.279000043869019;3;2.54399991035461;12259;3.33800005912781;6.16100001335144;37116;2.21600008010864;15630;27889;2.06900000572205;91.2860000133514;0
University0_p_0.00001.db;lubm-ex-20_disjoint.owl;pos2500_prob_0.7;;;75678;0.272000074386597;3;2.52900004386902;12276;3.05900001525879;5.8600001335144;37116;2.22099995613098;15593;27869;2.21700000762939;91.6319999694824;0
University0_p_0.00001.db;lubm-ex-20_disjoint.owl;pos2500_prob_0.9;;;75678;0.216000080108643;55;2.73099994659424;8282;4.52300000190735;7.47099995613098;37116;2.26699995994568;11891;20173;1.89900016784668;106.239000082016;0
University0_p_0.00001.db;lubm-ex-20_disjoint.owl;pos50_prob_0.3;;;75678;0.330999851226807;4;3.89100003242493;3041;0.33899998664856;4.56099987030029;37116;2.49499988555908;5471;8512;0.184000015258789;135.339999914169;0
University0_p_0.00001.db;lubm-ex-20_disjoint.owl;pos50_prob_0.5;;;75678;0.312999963760376;199;3.44799995422363;11330;0.723999977111816;4.48499989509583;37116;2.57200002670288;14811;26141;0.690999984741211;118.646000146866;0
University0_p_0.00001.db;lubm-ex-20_disjoint.owl;pos50_prob_0.7;;;75678;0.188000202178955;80;2.92999982833862;2978;0.342000007629395;3.46000003814697;37116;3.81800007820129;5399;8377;0.416000127792358;160.28400015831;0
University0_p_0.00001.db;lubm-ex-20_disjoint.owl;pos50_prob_0.9;;;75678;0.155999898910522;23;2.93600010871887;0;0.335000038146973;3.42700004577637;37116;2.48900008201599;0;0;0.140000104904175;176.233000040054;0
University0_p_0.00001.db;lubm-ex-20_disjoint.owl;pos500_prob_0.3;;;75678;0.184000015258789;1;2.48499989509583;2984;0.541000127792358;3.21000003814697;37116;2.15499997138977;5244;8228;0.21399998664856;119.246999979019;0
University0_p_0.00001.db;lubm-ex-20_disjoint.owl;pos500_prob_0.5;;;75678;0.202000141143799;31;2.55299997329712;2475;0.465999841690064;3.22099995613098;37116;2.10899996757507;4487;6962;0.238000154495239;123.223999977112;0
University0_p_0.00001.db;lubm-ex-20_disjoint.owl;pos500_prob_0.7;;;75678;0.203999996185303;5;2.49300003051758;0;0.43999981880188;3.13699984550476;37116;2.15299987792969;0;0;0.200999975204468;138.99799990654;0
University0_p_0.00001.db;lubm-ex-20_disjoint.owl;pos500_prob_0.9;;;75678;0.200999975204468;64;2.65500020980835;9591;0.745999813079834;3.60199999809265;37116;2.17600011825562;13199;22790;0.194999933242798;93.5119998455048;0
University0_p_0.00001.db;lubm-ex-20_disjoint.owl;pos5000_prob_0.3;;;75678;0.437000036239624;5;2.625;592;11.3359999656677;14.3980000019074;37116;2.34400010108948;1220;1812;8.93200016021729;164.342000007629;0
University0_p_0.00001.db;lubm-ex-20_disjoint.owl;pos5000_prob_0.5;;;75678;0.47000002861023;1;2.71599984169006;1442;11.7369999885559;14.9229998588562;37116;2.38599991798401;2732;4174;8.5479998588562;156.710000038147;0
University0_p_0.00001.db;lubm-ex-20_disjoint.owl;pos5000_prob_0.7;;;75678;0.358999967575073;2;2.84100008010864;6844;11.702999830246;14.9029998779297;37116;2.37599992752075;10345;17189;8.60099983215332;125.234999895096;0
University0_p_0.00001.db;lubm-ex-20_disjoint.owl;pos5000_prob_0.9;;;75678;0.464999914169311;5;2.73699998855591;9471;11.7950000762939;14.9969999790192;37116;2.42899990081787;12980;22451;4.02900004386902;112.398999929428;0
University0_p_0.00001.db;lubm-ex-20_disjoint.owl;pos750_prob_0.3;;;75678;0.207000017166138;107;2.73699998855591;6355;1.07800006866455;4.0220000743866;37116;2.48399996757507;9789;16144;0.730999946594238;121.802999973297;0
University0_p_0.00001.db;lubm-ex-20_disjoint.owl;pos750_prob_0.5;;;75678;0.217000007629395;1;2.57099986076355;6174;0.593000173568726;3.38100004196167;37116;2.17000007629395;9528;15702;0.287999868392944;106.080999851227;0
University0_p_0.00001.db;lubm-ex-20_disjoint.owl;pos750_prob_0.7;;;75678;0.200999975204468;1;2.49400019645691;5684;0.563999891281128;3.2590000629425;37116;2.10399985313416;9004;14688;0.306999921798706;106.766000032425;0
University0_p_0.00001.db;lubm-ex-20_disjoint.owl;pos750_prob_0.9;;;75678;0.189000129699707;1;2.49199986457825;4664;0.703999996185303;3.38499999046326;37116;2.08999991416931;7628;12292;0.313999891281128;112.612999916077;0
University0_p_0.00005.db;lubm-ex-20_disjoint.owl;pos2500_prob_0.3;;;75718;0.241000175476074;27;4.71999979019165;3498;4.40100002288818;9.36199998855591;37186;3.07699990272522;5969;9469;2.93399977684021;156.329999923706;2
University0_p_0.00005.db;lubm-ex-20_disjoint.owl;pos100_prob_0.3;;;75718;0.20799994468689;195;4.55599999427795;0;0.571000099182129;5.33599996566772;37186;2.91899991035461;0;0;3.92899990081787;188.403000116348;0
University0_p_0.00005.db;lubm-ex-20_disjoint.owl;pos100_prob_0.5;;;75718;0.190999984741211;66;3.78600001335144;0;0.312999963760376;4.28999996185303;37186;4.17900013923645;0;0;0.894000053405762;193.918999910355;0
University0_p_0.00005.db;lubm-ex-20_disjoint.owl;pos100_prob_0.7;;;75718;0.319000005722046;101;3.57399988174438;1508;0.305999994277954;4.19899988174439;37186;3.09899997711182;2950;4458;0.516999959945679;166.873999834061;0
University0_p_0.00005.db;lubm-ex-20_disjoint.owl;pos100_prob_0.9;;;75718;0.319999933242798;38;3.58100008964539;2967;0.319000005722046;4.22000002861023;37186;4.95700001716614;5363;8330;0.151999950408936;164.565999984741;0
University0_p_0.00005.db;lubm-ex-20_disjoint.owl;pos1000_prob_0.3;;;75718;0.332000017166138;10;4.15799999237061;302;1.19700002670288;5.68700003623962;37186;2.59899997711182;677;979;0.986000061035156;175.453000068665;0
University0_p_0.00005.db;lubm-ex-20_disjoint.owl;pos1000_prob_0.5;;;75718;0.167999982833862;3;3.80800008773804;5623;1.15100002288818;5.12700009346008;37186;2.50999999046326;9031;14654;0.459999799728394;138.118999958038;0
University0_p_0.00005.db;lubm-ex-20_disjoint.owl;pos1000_prob_0.7;;;75718;0.384999990463257;10;4.76600003242493;951;1.82799983024597;6.97899985313416;37186;3.88199996948242;1996;2947;0.489000082015991;171.262000083923;0
University0_p_0.00005.db;lubm-ex-20_disjoint.owl;pos1000_prob_0.9;;;75718;0.154999971389771;10;3.05699992179871;1067;0.816999912261963;4.02899980545044;37186;2.41799998283386;2134;3201;0.458999872207642;159.490999937057;0
University0_p_0.00005.db;lubm-ex-20_disjoint.owl;pos250_prob_0.3;;;75718;0.312000036239624;37;4.23899984359741;1201;0.384000062942505;4.93499994277954;37186;2.62199997901916;2378;3579;0.743000030517578;163.468999862671;0
University0_p_0.00005.db;lubm-ex-20_disjoint.owl;pos250_prob_0.5;;;75718;0.286999940872192;22;4.73900008201599;0;0.370999813079834;5.39699983596802;37186;3.52600002288818;0;0;0.396999835968018;179.119999885559;0
University0_p_0.00005.db;lubm-ex-20_disjoint.owl;pos250_prob_0.7;;;75718;0.171000003814697;2;3.37999987602234;0;0.415000200271606;3.96600008010864;37186;2.73799991607666;0;0;0.198999881744385;174.725999832153;0
University0_p_0.00005.db;lubm-ex-20_disjoint.owl;pos250_prob_0.9;;;75718;0.346999883651733;12;4.12800002098084;1306;0.522000074386597;4.99699997901917;37186;2.61700010299683;2553;3859;0.125;166.890000104904;0
University0_p_0.00005.db;lubm-ex-20_disjoint.owl;pos2500_prob_0.5;;;75718;0.359999895095825;1;6.39499998092651;5245;4.40900015830994;11.1640000343323;37186;2.74900007247925;8353;13598;2.96399998664856;153.359999895096;0
University0_p_0.00005.db;lubm-ex-20_disjoint.owl;pos2500_prob_0.7;;;75718;0.526000022888184;1;4.41600012779236;1958;4.04999995231628;8.99200010299683;37186;3.18599987030029;3739;5697;3.61700010299683;179.548000097275;0
University0_p_0.00005.db;lubm-ex-20_disjoint.owl;pos2500_prob_0.9;;;75718;0.401999950408936;1;4.67599987983704;1375;4.18300008773804;9.26099991798401;37186;2.83800005912781;2673;4048;2.99799990653992;188.832000017166;0
University0_p_0.00005.db;lubm-ex-20_disjoint.owl;pos50_prob_0.3;;;75718;0.210000038146973;249;2.88300013542175;0;0.203999996185303;3.29700016975403;37186;2.02999997138977;0;0;1.9539999961853;135.552999973297;0
University0_p_0.00005.db;lubm-ex-20_disjoint.owl;pos50_prob_0.5;;;75718;0.208999872207642;21;3.02999997138977;0;0.312000036239624;3.55099987983704;37186;2.27999997138977;0;0;0.188999891281128;141.634999990463;0
University0_p_0.00005.db;lubm-ex-20_disjoint.owl;pos50_prob_0.7;;;75718;0.233999967575073;1;4.64800000190735;0;0.348000049591064;5.23000001907349;37186;2.6560001373291;0;0;0.100000143051147;180.115999937058;0
University0_p_0.00005.db;lubm-ex-20_disjoint.owl;pos50_prob_0.9;;;75718;0.308000087738037;45;3.31900000572205;0;0.274999856948853;3.90199995040894;37186;3.02600002288818;0;0;0.24399995803833;184.967000007629;0
University0_p_0.00005.db;lubm-ex-20_disjoint.owl;pos500_prob_0.3;;;75718;0.392999887466431;37;4.57599997520447;2718;0.690000057220459;5.65899991989136;37186;2.757000207901;4984;7702;0.618000030517578;173.972999811172;0
University0_p_0.00005.db;lubm-ex-20_disjoint.owl;pos500_prob_0.5;;;75718;0.288000106811523;29;3.65499997138977;0;0.677999973297119;4.62100005149841;37186;2.73199987411499;0;0;0.424999952316284;191.325000047684;0
University0_p_0.00005.db;lubm-ex-20_disjoint.owl;pos500_prob_0.7;;;75718;0.266999959945679;10;3.51399993896484;0;0.578999996185303;4.35999989509583;37186;3.18200016021729;0;0;0.226000070571899;189.552999973297;0
University0_p_0.00005.db;lubm-ex-20_disjoint.owl;pos500_prob_0.9;;;75718;0.402999877929688;17;4.51300001144409;1456;0.828999996185303;5.74499988555908;37186;3.07999992370605;2878;4334;0.224999904632568;159.121999979019;0
University0_p_0.00005.db;lubm-ex-20_disjoint.owl;pos5000_prob_0.3;;;75718;0.390000104904175;5;4.49000000953674;590;23.2200000286102;28.1000001430511;37186;4.42300009727478;1245;1835;10.8220000267029;203.400000095367;0
University0_p_0.00005.db;lubm-ex-20_disjoint.owl;pos5000_prob_0.5;;;75718;0.605000019073486;1;7.08400011062622;779;15.4789998531342;23.1679999828339;37186;2.77999997138977;1669;2448;10.1590001583099;197.014000177383;0
University0_p_0.00005.db;lubm-ex-20_disjoint.owl;pos5000_prob_0.7;;;75718;0.327999830245972;1;4.61700010299683;2766;12.930999994278;17.8759999275208;37186;3.06800007820129;4958;7724;8.86800003051758;187.907999992371;0
University0_p_0.00005.db;lubm-ex-20_disjoint.owl;pos5000_prob_0.9;;;75718;0.470999956130982;6;4.44500017166138;1048;13.8699998855591;18.7860000133514;37186;2.95900011062622;2041;3089;9.23000001907349;198.767000198364;0
University0_p_0.00005.db;lubm-ex-20_disjoint.owl;pos750_prob_0.3;;;75718;0.217999935150146;59;3.57200002670288;5856;1.2810001373291;5.07100009918213;37186;2.58899998664856;9136;14992;0.754000186920166;130.894999980927;0
University0_p_0.00005.db;lubm-ex-20_disjoint.owl;pos750_prob_0.5;;;75718;0.226999998092651;23;3.72499990463257;3041;0.832000017166138;4.78399991989136;37186;3.50099992752075;5434;8475;0.466000080108643;150.573999881744;0
University0_p_0.00005.db;lubm-ex-20_disjoint.owl;pos750_prob_0.7;;;75718;0.315999984741211;1;3.6729998588562;0;0.904000043869019;4.89299988746643;37186;2.9300000667572;0;0;0.312000036239624;174.457000017166;0
University0_p_0.00005.db;lubm-ex-20_disjoint.owl;pos750_prob_0.9;;;75718;0.187000036239624;1;3.78799986839294;227;0.975000143051147;4.95000004768372;37186;2.65400004386902;498;725;0.343999862670898;181.833999872208;0
University0_p_0.00015.db;lubm-ex-20_disjoint.owl;pos100_prob_0.3;;;75842;0.289999961853027;359;5.38100004196167;0;0.355000019073486;6.02600002288818;37394;6.4689998626709;0;0;7.4300000667572;194.332999944687;0
University0_p_0.00015.db;lubm-ex-20_disjoint.owl;pos100_prob_0.5;;;75842;0.194999933242798;119;4.46700000762939;1549;0.41700005531311;5.0789999961853;37394;2.95900011062622;3015;4564;1.64000010490417;160.049999952316;0
University0_p_0.00015.db;lubm-ex-20_disjoint.owl;pos100_prob_0.7;;;75842;0.315999984741211;35;4.45999979972839;0;0.313000202178955;5.08899998664856;37394;3.17799997329712;0;0;0.312000036239624;177.84500002861;0
University0_p_0.00015.db;lubm-ex-20_disjoint.owl;pos100_prob_0.9;;;75842;0.278000116348267;23;4.11500000953674;0;0.218999862670898;4.61199998855591;37394;2.97900009155273;0;0;0.144999980926514;179.551999807358;0
University0_p_0.00015.db;lubm-ex-20_disjoint.owl;pos1000_prob_0.3;;;75842;0.265000104904175;3;5.17700004577637;2378;1.09699988365173;6.53900003433228;37394;3.19899988174438;4456;6834;0.592999935150147;168.253000020981;0
University0_p_0.00015.db;lubm-ex-20_disjoint.owl;pos1000_prob_0.5;;;75842;0.292999982833862;2;4.88100004196167;140;1.25499987602234;6.42899990081787;37394;2.46200013160706;298;438;0.568000078201294;184.584000110626;0
University0_p_0.00015.db;lubm-ex-20_disjoint.owl;pos1000_prob_0.7;;;75842;0.331000089645386;9;4.78499984741211;301;1.11500000953674;6.23099994659424;37394;3.07500004768372;648;949;0.505000114440918;179.861999988556;0
University0_p_0.00015.db;lubm-ex-20_disjoint.owl;pos1000_prob_0.9;;;75842;0.164999961853027;1;4.68600010871887;0;0.940999984741211;5.79200005531311;37394;2.57299995422363;0;0;0.483999967575073;182.706000089645;0
University0_p_0.00015.db;lubm-ex-20_disjoint.owl;pos250_prob_0.3;;;75842;0.25;7;4.66599988937378;0;0.346000194549561;5.26200008392334;37394;2.87299990653992;0;0;0.315999984741211;191.675999879837;0
University0_p_0.00015.db;lubm-ex-20_disjoint.owl;pos250_prob_0.5;;;75842;0.492000102996826;13;9.96399998664856;0;1.09699988365173;11.5599999427795;37394;3.48299980163574;0;0;0.305000066757202;183.578999996185;0
University0_p_0.00015.db;lubm-ex-20_disjoint.owl;pos250_prob_0.7;;;75842;0.21399998664856;2;4.57699990272522;1226;0.335000038146973;5.12599992752075;37394;3.04100012779236;2447;3673;0.128000020980835;175.96799993515;0
University0_p_0.00015.db;lubm-ex-20_disjoint.owl;pos250_prob_0.9;;;75842;0.20799994468689;1;4.4850001335144;600;0.447999954223633;5.14100003242493;37394;2.57299995422363;1284;1884;0.10699987411499;173.034999847412;0
University0_p_0.00015.db;lubm-ex-20_disjoint.owl;pos2500_prob_0.3;;;75842;0.382999897003174;1;6.007000207901;1531;4.08799982070923;10.4779999256134;37394;2.73300004005432;2949;4480;2.84999990463257;161.588000059128;0
University0_p_0.00015.db;lubm-ex-20_disjoint.owl;pos2500_prob_0.5;;;75842;0.674000024795532;4;8.08200001716614;0;4.45499992370606;13.2109999656677;37394;3.52100014686584;0;0;2.86900019645691;192.924000024796;0
University0_p_0.00015.db;lubm-ex-20_disjoint.owl;pos2500_prob_0.7;;;75842;0.264999866485596;1;6.36300015449524;1377;3.96599984169006;10.5939998626709;37394;3.56699991226196;2692;4069;2.72699999809265;185.046000003815;0
University0_p_0.00015.db;lubm-ex-20_disjoint.owl;pos2500_prob_0.9;;;75842;0.426000118255615;9;6.5239999294281;796;3.98200011253357;10.9320001602173;37394;3.20300006866455;1606;2402;2.12599992752075;192.790999889374;0
University0_p_0.00015.db;lubm-ex-20_disjoint.owl;pos50_prob_0.3;;;75842;0.322000026702881;306;5.71600008010864;0;0.386999845504761;6.42499995231628;37394;2.71599984169006;0;0;3.36899995803833;207.444000005722;0
University0_p_0.00015.db;lubm-ex-20_disjoint.owl;pos50_prob_0.5;;;75842;0.330999851226807;27;4.46900010108948;0;0.323999881744385;5.12399983406067;37394;3.42200016975403;0;0;0.302999973297119;196.806999921799;0
University0_p_0.00015.db;lubm-ex-20_disjoint.owl;pos50_prob_0.7;;;75842;0.240000009536743;161;4.75399994850159;0;0.335999965667725;5.32999992370606;37394;2.93400001525879;0;0;1.06599998474121;219.507999897003;0
University0_p_0.00015.db;lubm-ex-20_disjoint.owl;pos50_prob_0.9;;;75842;0.261000156402588;22;4.50099992752075;0;0.301000118255615;5.06300020217896;37394;3.06000018119812;0;0;0.230000019073486;204.882999897003;0
University0_p_0.00015.db;lubm-ex-20_disjoint.owl;pos500_prob_0.3;;;75842;0.327000141143799;19;4.80900001525879;0;0.670000076293945;5.80700016021729;37394;2.78600001335144;0;0;0.510999917984009;181.305999994278;0
University0_p_0.00015.db;lubm-ex-20_disjoint.owl;pos500_prob_0.5;;;75842;0.345999956130981;10;5.58699989318848;0;0.797000169754028;6.73000001907349;37394;2.60699987411499;0;0;0.270999908447266;181.15299987793;0
University0_p_0.00015.db;lubm-ex-20_disjoint.owl;pos500_prob_0.7;;;75842;0.344000101089478;30;4.72099995613098;2381;0.697999954223633;5.76300001144409;37394;4.88300013542175;4430;6811;0.269999980926514;164.665999889374;0
University0_p_0.00015.db;lubm-ex-20_disjoint.owl;pos500_prob_0.9;;;75842;0.177000045776367;4;4.54299998283386;604;0.549000024795532;5.26900005340576;37394;2.91400003433228;1206;1810;0.185999870300293;164.594999790192;0
University0_p_0.00015.db;lubm-ex-20_disjoint.owl;pos5000_prob_0.3;;;75842;0.372999906539917;2;7.43099999427795;50;13.135999917984;20.9399998188019;37394;2.42599987983704;115;165;10.0310001373291;183.551000118256;0
University0_p_0.00015.db;lubm-ex-20_disjoint.owl;pos5000_prob_0.5;;;75842;0.305000066757202;2;6.76500010490418;2282;12.6399998664856;19.710000038147;37394;2.90499997138977;4229;6511;10.0870001316071;213.258000135422;0
University0_p_0.00015.db;lubm-ex-20_disjoint.owl;pos5000_prob_0.7;;;75842;0.516999959945679;7;9.14200019836426;783;13.7659997940063;23.4249999523163;37394;2.78800010681152;1618;2401;9.2739999294281;217.772000074387;0
University0_p_0.00015.db;lubm-ex-20_disjoint.owl;pos5000_prob_0.9;;;75842;0.539999961853027;4;11.3289999961853;564;14.7620000839233;26.6310000419617;37394;3.05499982833862;1215;1779;8.62100005149841;203.707000017166;0
University0_p_0.00015.db;lubm-ex-20_disjoint.owl;pos750_prob_0.3;;;75842;0.496999979019165;21;7.06200003623962;417;0.860000133514404;8.41900014877319;37394;2.53399991989136;909;1326;1.4060001373291;179.620000123978;0
University0_p_0.00015.db;lubm-ex-20_disjoint.owl;pos750_prob_0.5;;;75842;0.371000051498413;1;10.0639998912811;2275;1.10899996757507;11.5439999103546;37394;2.83200001716614;4155;6430;0.988999843597412;160.505999803543;0
University0_p_0.00015.db;lubm-ex-20_disjoint.owl;pos750_prob_0.7;;;75842;0.321000099182129;3;4.47000002861023;392;1.19299983978271;5.98399996757507;37394;2.66400003433228;850;1242;0.295000076293945;168.144000053406;0
University0_p_0.00015.db;lubm-ex-20_disjoint.owl;pos750_prob_0.9;;;75842;0.315999984741211;9;4.81500005722046;785;0.97000002861023;6.1010000705719;37394;3.60199999809265;1651;2436;0.339999914169311;168.253999948502;0
University0_p_0.0005.db;lubm-ex-20_disjoint.owl;pos500_prob_0.3;;;76255;0.259000062942505;20;6.74899983406067;305;0.660000085830689;7.66799998283386;37989;2.75999999046326;641;1028;0.552999973297119;190.095999956131;82
University0_p_0.0005.db;lubm-ex-20_disjoint.owl;pos5000_prob_0.3;;;76255;0.401000022888184;17;12;654;11.6749999523163;24.0759999752045;37989;2.28500008583069;1370;2025;9.12399983406067;167.638000011444;1
University0_p_0.0005.db;lubm-ex-20_disjoint.owl;pos100_prob_0.3;;;76255;0.230000019073486;859;6.75800013542175;0;0.34499979019165;7.33299994468689;37989;4.10199999809265;0;0;20.0049998760223;201.862999916077;0
University0_p_0.0005.db;lubm-ex-20_disjoint.owl;pos100_prob_0.5;;;76255;0.27999997138977;214;5.03299999237061;0;0.385999917984009;5.69899988174439;37989;2.61500000953674;0;0;2.57499980926514;186.658999919891;0
University0_p_0.0005.db;lubm-ex-20_disjoint.owl;pos100_prob_0.7;;;76255;0.296000003814697;77;5.55999994277954;0;0.325000047683716;6.18099999427795;37989;3.35400009155273;0;0;0.530999898910522;181.444999933243;0
University0_p_0.0005.db;lubm-ex-20_disjoint.owl;pos100_prob_0.9;;;76255;0.304999828338623;3;4.18700003623962;0;0.282000064849854;4.7739999294281;37989;2.94199991226196;0;0;0.121999979019165;178.750999927521;0
University0_p_0.0005.db;lubm-ex-20_disjoint.owl;pos1000_prob_0.3;;;76255;0.327000141143799;12;6.46399998664856;0;1.05299997329712;7.84400010108948;37989;2.56700015068054;0;0;1.37299990653992;179.723999977112;0
University0_p_0.0005.db;lubm-ex-20_disjoint.owl;pos1000_prob_0.5;;;76255;0.329999923706055;3;6.61700010299683;0;1.11699986457825;8.06399989128113;37989;2.95699977874756;0;0;0.533999919891357;185.766999959946;0
University0_p_0.0005.db;lubm-ex-20_disjoint.owl;pos1000_prob_0.7;;;76255;0.186000108718872;3;6.33500003814697;142;1.14299988746643;7.66400003433228;37989;3.04299998283386;314;456;0.577000141143799;180.894000053406;0
University0_p_0.0005.db;lubm-ex-20_disjoint.owl;pos1000_prob_0.9;;;76255;0.299999952316284;2;7.0699999332428;0;1.2350001335144;8.60500001907349;37989;2.95199990272522;0;0;0.437999963760376;190.328000068665;0
University0_p_0.0005.db;lubm-ex-20_disjoint.owl;pos250_prob_0.3;;;76255;0.232000112533569;23;5.3769998550415;0;0.370000123977661;5.97900009155273;37989;2.93499994277954;0;0;0.560999870300293;195.918999910355;0
University0_p_0.0005.db;lubm-ex-20_disjoint.owl;pos250_prob_0.5;;;76255;0.16100001335144;25;4.78500008583069;0;0.352999925613403;5.29900002479553;37989;3.13699984550476;0;0;0.40500020980835;183.485000133514;0
University0_p_0.0005.db;lubm-ex-20_disjoint.owl;pos250_prob_0.7;;;76255;0.375999927520752;6;5.80299997329712;602;0.460999965667725;6.6399998664856;37989;2.74699997901916;1261;1863;0.166000127792358;191.593000173569;0
University0_p_0.0005.db;lubm-ex-20_disjoint.owl;pos250_prob_0.9;;;76255;0.335999965667725;7;5.95099997520447;0;0.414999961853027;6.70199990272522;37989;3.34699988365173;0;0;0.278999805450439;185.724999904633;0
University0_p_0.0005.db;lubm-ex-20_disjoint.owl;pos2500_prob_0.3;;;76255;0.389999866485596;1;9.14200019836426;0;4.19400000572205;13.7260000705719;37989;5.65799999237061;0;0;2.99599981307983;194.456999778748;0
University0_p_0.0005.db;lubm-ex-20_disjoint.owl;pos2500_prob_0.5;;;76255;0.240000009536743;2;9.95700001716614;513;4.30200004577637;14.4990000724792;37989;2.81200003623962;1039;1552;2.74600005149841;221.68700003624;0
University0_p_0.0005.db;lubm-ex-20_disjoint.owl;pos2500_prob_0.7;;;76255;0.266999959945679;6;10.3860001564026;426;4.48499989509583;15.1380000114441;37989;2.71900010108948;896;1322;2.50600004196167;199.771999835968;0
University0_p_0.0005.db;lubm-ex-20_disjoint.owl;pos2500_prob_0.9;;;76255;0.328999996185303;4;13.2339999675751;268;3.97699999809265;17.539999961853;37989;2.65400004386902;574;842;2.78799986839294;200.484999895096;0
University0_p_0.0005.db;lubm-ex-20_disjoint.owl;pos50_prob_0.3;;;76255;0.214999914169312;511;5.33899998664856;0;0.328999996185303;5.88400006294251;37989;2.57500004768372;0;0;5.92300009727478;206.768000125885;0
University0_p_0.0005.db;lubm-ex-20_disjoint.owl;pos50_prob_0.5;;;76255;0.282000064849854;121;5.40000009536743;0;0.335999965667725;6.01800012588501;37989;3.9610002040863;0;0;0.971999883651733;197.042000055313;0
University0_p_0.0005.db;lubm-ex-20_disjoint.owl;pos50_prob_0.7;;;76255;0.287999868392944;511;7.57300019264221;0;0.36899995803833;8.23000001907349;37989;3.29800009727478;0;0;3.2649998664856;209.520999908447;0
University0_p_0.0005.db;lubm-ex-20_disjoint.owl;pos50_prob_0.9;;;76255;0.296000003814697;128;5.55599999427795;0;0.279000043869019;6.13100004196167;37989;3.94700002670288;0;0;0.578999996185303;197.626999855042;0
University0_p_0.0005.db;lubm-ex-20_disjoint.owl;pos500_prob_0.5;;;76255;0.263999938964844;40;7.11899995803833;0;0.812999963760376;8.19599986076355;37989;2.54399991035461;0;0;0.544999837875366;194.302999973297;0
University0_p_0.0005.db;lubm-ex-20_disjoint.owl;pos500_prob_0.7;;;76255;0.342000007629395;35;6.53699994087219;0;0.580000162124634;7.45900011062622;37989;2.6949999332428;0;0;0.473999977111816;190.911000013351;0
University0_p_0.0005.db;lubm-ex-20_disjoint.owl;pos500_prob_0.9;;;76255;0.302000045776367;7;6.74900007247925;0;0.664000034332275;7.71500015258789;37989;2.90300011634827;0;0;0.252000093460083;190.888000011444;0
University0_p_0.0005.db;lubm-ex-20_disjoint.owl;pos5000_prob_0.5;;;76255;0.418999910354614;6;13.8610000610352;285;13.1989998817444;27.4789998531342;37989;2.44600009918213;613;898;8.54499983787537;192.077999830246;0
University0_p_0.0005.db;lubm-ex-20_disjoint.owl;pos5000_prob_0.7;;;76255;0.411999940872192;3;14.7139999866486;304;13.335000038147;28.4609999656677;37989;3.23200011253357;622;926;10.2339999675751;224.086999893188;0
University0_p_0.0005.db;lubm-ex-20_disjoint.owl;pos5000_prob_0.9;;;76255;0.694999933242798;2;16.2150001525879;338;12.6499998569489;29.5599999427795;37989;4.39800000190735;741;1079;6.61199998855591;237.327999830246;0
University0_p_0.0005.db;lubm-ex-20_disjoint.owl;pos750_prob_0.3;;;76255;0.223999977111816;2;5.9449999332428;0;0.805999994277954;6.97499990463257;37989;2.64300012588501;0;0;1.04099988937378;193.253000020981;0
University0_p_0.0005.db;lubm-ex-20_disjoint.owl;pos750_prob_0.5;;;76255;0.166000127792358;10;6.37400007247925;630;0.840999841690064;7.38100004196167;37989;2.57200002670288;1316;1946;0.391000032424927;182.618000030518;0
University0_p_0.0005.db;lubm-ex-20_disjoint.owl;pos750_prob_0.7;;;76255;0.220999956130981;2;5.94900012016296;0;0.832000017166138;7.00200009346008;37989;2.89399981498718;0;0;0.293999910354614;180.686999797821;0
University0_p_0.0005.db;lubm-ex-20_disjoint.owl;pos750_prob_0.9;;;76255;0.263999938964844;8;5.85700011253357;988;0.774999856948853;6.89599990844727;37989;2.45799994468689;2006;2994;0.401999950408936;170.605000019073;0
University0_p_0.00005.db;lubm-ex-20_disjoint.owl;pos100_prob_0.1;;;75718;0.33299994468689;100;3.93900012969971;0;0.282000064849854;4.55400013923645;37186;2.07999992370605;0;0;3.11400008201599;142.229000091553;0
University0_p_0.00005.db;lubm-ex-20_disjoint.owl;pos100_prob_0.2;;;75718;0.211999893188477;168;3.06000018119812;0;0.306999921798706;3.5789999961853;37186;2.16100001335144;0;0;3.38399982452393;144.953999996185;0
University0_p_0.00005.db;lubm-ex-20_disjoint.owl;pos100_prob_0.3;;;75718;0.194000005722046;131;3.09000015258789;0;0.358999967575073;3.64300012588501;37186;2.33999991416931;0;0;2.4779999256134;144.930999994278;0
University0_p_0.00005.db;lubm-ex-20_disjoint.owl;pos100_prob_0.4;;;75718;0.187999963760376;86;2.79999995231628;1520;0.257999897003174;3.24599981307983;37186;2.11100006103516;2923;4443;0.760999917984009;131.244999885559;0
University0_p_0.00005.db;lubm-ex-20_disjoint.owl;pos100_prob_0.5;;;75718;0.224999904632568;40;2.80900001525879;0;0.269999980926514;3.30399990081787;37186;2.13599991798401;0;0;0.516999959945679;141.725000143051;0
University0_p_0.00005.db;lubm-ex-20_disjoint.owl;pos100_prob_0.6;;;75718;0.189000129699707;50;2.82399988174438;1488;0.239000082015991;3.25200009346008;37186;1.99900007247925;2861;4349;0.324000120162964;135.538000106812;0
University0_p_0.00005.db;lubm-ex-20_disjoint.owl;pos100_prob_0.7;;;75718;0.320000171661377;1;3.22399997711182;0;0.215999841690063;3.75999999046326;37186;2.46099996566772;0;0;0.16100001335144;144.84500002861;0
University0_p_0.00005.db;lubm-ex-20_disjoint.owl;pos100_prob_0.8;;;75718;0.289999961853027;33;2.94099998474121;1507;0.302999973297119;3.53399991989136;37186;2.16799998283386;3009;4516;0.196000099182129;130.662000179291;0
University0_p_0.00005.db;lubm-ex-20_disjoint.owl;pos100_prob_0.9;;;75718;0.233999967575073;1;2.70199990272522;1481;0.230999946594238;3.16699981689453;37186;2.05699992179871;2797;4278;0.0679998397827148;131.533999919891;0
University0_p_0.00005.db;lubm-ex-20_disjoint.owl;pos100_prob_1.0;;;75718;0.23199987411499;1;2.72699999809265;1478;0.229000091552734;3.18799996376038;37186;2.43099999427795;2945;4423;0.138000011444092;130.289000034332;0
University0_p_0.00005.db;lubm-ex-20_disjoint.owl;pos500_prob_0.1;;;75718;0.206000089645386;14;3.18899989128113;0;0.515000104904175;3.91000008583069;37186;2.22399997711182;0;0;1.14400005340576;149.429000139236;0
University0_p_0.00005.db;lubm-ex-20_disjoint.owl;pos500_prob_0.2;;;75718;0.325000047683716;10;2.85699987411499;0;0.403000116348267;3.58500003814697;37186;2.31500005722046;0;0;0.480999946594238;145.436999797821;0
University0_p_0.00005.db;lubm-ex-20_disjoint.owl;pos500_prob_0.3;;;75718;0.32099986076355;7;3.33400011062622;577;0.711999893188477;4.367999792099;37186;2.91899991035461;1204;1781;0.25;135.807000160217;0
University0_p_0.00005.db;lubm-ex-20_disjoint.owl;pos500_prob_0.4;;;75718;0.197000026702881;12;2.84700012207031;0;0.406999826431274;3.45099997520447;37186;2.2110002040863;0;0;0.318000078201294;138.346999883652;0
University0_p_0.00005.db;lubm-ex-20_disjoint.owl;pos500_prob_0.5;;;75718;0.21399998664856;1;2.73900008201599;2454;0.509999990463257;3.46300005912781;37186;2.2409999370575;4545;6999;0.186000108718872;124.677999973297;0
University0_p_0.00005.db;lubm-ex-20_disjoint.owl;pos500_prob_0.6;;;75718;0.222999811172485;21;2.85500001907349;1780;0.419000148773193;3.49699997901916;37186;2.08000016212463;3471;5251;0.271999835968018;127.674000024796;0
University0_p_0.00005.db;lubm-ex-20_disjoint.owl;pos500_prob_0.7;;;75718;0.167999982833862;1;2.95099997520447;1267;0.440000057220459;3.55900001525879;37186;2.13300013542175;2528;3795;0.210000038146973;129.866999864578;0
University0_p_0.00005.db;lubm-ex-20_disjoint.owl;pos500_prob_0.8;;;75718;0.287999868392944;8;3.44800019264221;895;0.503999948501587;4.24000000953674;37186;2;1845;2740;0.181999921798706;140.332999944687;0
University0_p_0.00005.db;lubm-ex-20_disjoint.owl;pos500_prob_0.9;;;75718;0.190999984741211;18;2.94400000572205;2482;0.507999897003174;3.64299988746643;37186;2.14599990844727;4514;6996;0.220999956130981;130.760999917984;0
University0_p_0.00005.db;lubm-ex-20_disjoint.owl;pos500_prob_1.0;;;75718;0.185999870300293;2;3.13300013542175;0;0.469000101089478;3.78900003433228;37186;2.13300013542175;0;0;0.183000087738037;141.708999872208;0
University0_p_0.00005.db;lubm-ex-20_disjoint.owl;pos1000_prob_0.1;;;75718;0.309999942779541;30;3.09599995613098;0;0.982000112533569;4.38800001144409;37186;2.1340000629425;0;44;2.19600009918213;150.173000097275;44
University0_p_0.00005.db;lubm-ex-20_disjoint.owl;pos1000_prob_0.2;;;75718;0.234999895095825;14;3.14499998092651;338;0.880000114440918;4.25999999046326;37186;2.35899996757507;745;1083;0.877000093460083;148.723000049591;0
University0_p_0.00005.db;lubm-ex-20_disjoint.owl;pos1000_prob_0.3;;;75718;0.230999946594238;24;3.37199997901916;1516;0.825999975204468;4.42899990081787;37186;2.39000010490417;2942;4458;0.578999996185303;130.707999944687;0
University0_p_0.00005.db;lubm-ex-20_disjoint.owl;pos1000_prob_0.4;;;75718;0.186000108718872;1;2.96600008010864;5185;0.830999851226807;3.98300004005432;37186;1.97300004959106;8267;13452;0.402999877929688;115.858999967575;0
University0_p_0.00005.db;lubm-ex-20_disjoint.owl;pos1000_prob_0.5;;;75718;0.25600004196167;16;3.16599988937378;2630;0.960000038146973;4.38199996948242;37186;2.35099983215332;4706;7336;0.513999938964844;132.348000049591;0
University0_p_0.00005.db;lubm-ex-20_disjoint.owl;pos1000_prob_0.6;;;75718;0.154999971389771;2;2.93400001525879;7639;0.901000022888184;3.99000000953674;37186;2.5310001373291;11137;18776;0.424999952316284;107.004999876022;0
University0_p_0.00005.db;lubm-ex-20_disjoint.owl;pos1000_prob_0.7;;;75718;0.23799991607666;5;3.44400000572205;1072;0.898000001907349;4.57999992370606;37186;2.23900008201599;2168;3240;0.424999952316284;137.77999997139;0
University0_p_0.00005.db;lubm-ex-20_disjoint.owl;pos1000_prob_0.8;;;75718;0.272000074386597;1;3.33299994468689;3792;0.861000061035156;4.46600008010864;37186;2.21099996566772;6487;10279;0.38700008392334;117.509000062943;0
University0_p_0.00005.db;lubm-ex-20_disjoint.owl;pos1000_prob_0.9;;;75718;0.215999841690063;37;3.00200009346008;3089;1.01699995994568;4.23499989509583;37186;2.15899991989136;5535;8624;0.41700005531311;121.413000106812;0
University0_p_0.00005.db;lubm-ex-20_disjoint.owl;pos1000_prob_1.0;;;75718;0.309999942779541;4;3.21399998664856;614;0.972000122070313;4.49600005149841;37186;2.20999979972839;1251;1865;0.382999897003174;131.276000022888;0
University0_p_0.00015.db;lubm-ex-20_disjoint.owl;pos100_prob_0.1;;;75842;0.246000051498413;860;5.34200000762939;0;0.238999843597412;5.82699990272522;37394;1.96700000762939;0;0;23.1999998092651;165.148999929428;0
University0_p_0.00015.db;lubm-ex-20_disjoint.owl;pos100_prob_0.2;;;75842;0.239000082015991;350;3.73099994659424;0;0.319999933242798;4.28999996185303;37394;2.16999983787537;0;0;7.75099992752075;143.279000043869;0
University0_p_0.00015.db;lubm-ex-20_disjoint.owl;pos100_prob_0.3;;;75842;0.228999853134155;445;3.91500020027161;0;0.282999992370605;4.42700004577637;37394;2.01599979400635;0;0;7.84299993515015;146.406999826431;0
University0_p_0.00015.db;lubm-ex-20_disjoint.owl;pos100_prob_0.4;;;75842;0.203000068664551;4;3.44000005722046;1528;0.32099986076355;3.96399998664856;37394;2.00500011444092;3006;4534;0.16100001335144;132.646999835968;0
University0_p_0.00015.db;lubm-ex-20_disjoint.owl;pos100_prob_0.5;;;75842;0.245000123977661;23;3.60999989509583;0;0.302000045776367;4.15700006484985;37394;2.20599985122681;0;0;0.325000047683716;139.387000083923;0
University0_p_0.00015.db;lubm-ex-20_disjoint.owl;pos100_prob_0.6;;;75842;0.220999956130981;30;3.5460000038147;0;0.324000120162964;4.09100008010864;37394;2.04900002479553;0;0;0.226999998092651;136.765000104904;0
University0_p_0.00015.db;lubm-ex-20_disjoint.owl;pos100_prob_0.7;;;75842;0.230000019073486;59;3.56500005722046;0;0.220999956130981;4.01600003242493;37394;2.20300006866455;0;0;0.450000047683716;138.483000040054;0
University0_p_0.00015.db;lubm-ex-20_disjoint.owl;pos100_prob_0.8;;;75842;0.226999998092651;9;3.43499994277954;0;0.243000030517578;3.90499997138977;37394;2.03600001335144;0;0;0.129999876022339;137.881999969482;0
University0_p_0.00015.db;lubm-ex-20_disjoint.owl;pos100_prob_0.9;;;75842;0.213000059127808;24;3.3899998664856;0;0.212000131607056;3.81500005722046;37394;2.06599998474121;0;0;0.154000043869019;140.519999980927;0
University0_p_0.00015.db;lubm-ex-20_disjoint.owl;pos100_prob_1.0;;;75842;0.187999963760376;26;3.48900008201599;0;0.258999824523926;3.93599987030029;37394;2.15499997138977;0;0;0.153999805450439;136.736999988556;0
University0_p_0.00015.db;lubm-ex-20_disjoint.owl;pos500_prob_0.1;;;75842;0.186999797821045;217;4.06700015068054;0;0.465999841690064;4.71999979019165;37394;1.97200012207031;0;0;12.7080001831055;143.535000085831;0
University0_p_0.00015.db;lubm-ex-20_disjoint.owl;pos500_prob_0.2;;;75842;0.187999963760376;28;3.64400005340576;0;0.488999843597412;4.32099986076355;37394;1.94899988174438;0;0;0.91700005531311;132.036000013351;0
University0_p_0.00015.db;lubm-ex-20_disjoint.owl;pos500_prob_0.3;;;75842;0.164000034332275;24;3.60800004005432;1204;0.454999923706055;4.22699999809265;37394;1.95099997520447;2426;3630;0.375;122.838999986649;0
University0_p_0.00015.db;lubm-ex-20_disjoint.owl;pos500_prob_0.4;;;75842;0.197999954223633;14;3.6340000629425;626;0.418999910354614;4.25099992752075;37394;2.02300000190735;1347;1973;0.265000104904175;126.078000068665;0
University0_p_0.00015.db;lubm-ex-20_disjoint.owl;pos500_prob_0.5;;;75842;0.184999942779541;2;3.61700010299683;1186;0.369999885559082;4.17199993133545;37394;1.96299982070923;2394;3580;0.207000017166138;125.450000047684;0
University0_p_0.00015.db;lubm-ex-20_disjoint.owl;pos500_prob_0.6;;;75842;0.159000158309937;16;3.75399994850159;0;0.523000001907349;4.43600010871887;37394;2.02499985694885;0;0;0.273000001907349;132.84099984169;0
University0_p_0.00015.db;lubm-ex-20_disjoint.owl;pos500_prob_0.7;;;75842;0.177999973297119;1;3.68400001525879;1498;0.463000059127808;4.32500004768372;37394;2.06800007820129;2916;4414;0.13700008392334;121.150000095367;0
University0_p_0.00015.db;lubm-ex-20_disjoint.owl;pos500_prob_0.8;;;75842;0.159000158309937;16;3.62800002098083;948;0.516999959945679;4.30400013923645;37394;2.09800004959106;1954;2902;0.230999946594238;158.731999874115;0
University0_p_0.00015.db;lubm-ex-20_disjoint.owl;pos500_prob_0.9;;;75842;0.224999904632568;13;4.84899997711182;894;0.508000135421753;5.58200001716614;37394;2.22900009155273;1839;2733;0.294000148773193;143.396000146866;0
University0_p_0.00015.db;lubm-ex-20_disjoint.owl;pos500_prob_1.0;;;75842;0.20199990272522;3;4.27999997138977;0;0.549000024795532;5.03099989891052;37394;2.2960000038147;0;0;0.175000190734863;140.040000200272;0
University0_p_0.00015.db;lubm-ex-20_disjoint.owl;pos1000_prob_0.1;;;75842;0.253000020980835;74;5.80599999427795;0;1.05000019073486;7.10900020599365;37394;2.59599995613098;0;32;4.68799996376038;149.299000024796;32
University0_p_0.00015.db;lubm-ex-20_disjoint.owl;pos1000_prob_0.2;;;75842;0.35699987411499;34;4.32800006866455;634;0.901999950408936;5.58699989318848;37394;2.13900017738342;1325;1959;1.48599982261658;139.649999856949;0
University0_p_0.00015.db;lubm-ex-20_disjoint.owl;pos1000_prob_0.3;;;75842;0.280999898910522;17;4.69000005722046;1137;0.911999940872192;5.88299989700317;37394;2.13599991798401;2323;3460;0.524999856948853;131.291999816895;0
University0_p_0.00015.db;lubm-ex-20_disjoint.owl;pos1000_prob_0.4;;;75842;0.187000036239624;6;3.88899993896484;286;0.719000101089478;4.79500007629395;37394;1.99899983406067;607;893;0.437999963760376;135.884000062943;0
University0_p_0.00015.db;lubm-ex-20_disjoint.owl;pos1000_prob_0.5;;;75842;0.236999988555908;1;3.93500018119812;300;0.952999830245972;5.125;37394;2.02099990844727;638;938;0.336999893188477;138.003000020981;0
University0_p_0.00015.db;lubm-ex-20_disjoint.owl;pos1000_prob_0.6;;;75842;0.20799994468689;10;3.86100006103516;602;0.725000143051147;4.79400014877319;37394;2.04700016975403;1220;1822;0.431999921798706;135.640000104904;0
University0_p_0.00015.db;lubm-ex-20_disjoint.owl;pos1000_prob_0.7;;;75842;0.211999893188477;6;4.00400018692017;920;0.960999965667725;5.17700004577637;37394;2.13600015640259;1818;2738;0.36899995803833;132.179999828339;0
University0_p_0.00015.db;lubm-ex-20_disjoint.owl;pos1000_prob_0.8;;;75842;0.181999921798706;1;3.83900022506714;1180;0.778999805450439;4.79999995231628;37394;2.08500003814697;2389;3569;0.401999950408936;129.631999969482;0
University0_p_0.00015.db;lubm-ex-20_disjoint.owl;pos1000_prob_0.9;;;75842;0.232000112533569;1;4.17599987983704;591;0.758000135421753;5.16600012779236;37394;2.29400014877319;1277;1868;0.368000030517578;134.924999952316;0
University0_p_0.00015.db;lubm-ex-20_disjoint.owl;pos1000_prob_1.0;;;75842;0.213000059127808;12;4.06799983978272;1180;0.855000019073486;5.13599991798401;37394;1.97099995613098;2378;3558;0.38100004196167;132.56299996376;0
University0_p_0.000005.db;lubm-ex-20_disjoint.owl;pos250_prob_0.3;;;75671;0.16700005531311035;4;2.383999824523926;6381;0.32200002670288086;2.872999906539917;37088;2.1689999103546143;9695;16076;0.09200000762939453;114.14800000190735;0
University0_p_0.00001.db;lubm-ex-20_disjoint.owl;pos250_prob_0.3;;;75678;0.17100000381469727;35;2.567999839782715;1226;0.3080000877380371;3.046999931335449;37116;2.746000051498413;2468;3714;0.39100003242492676;140.02999997138977;20
University0_p_0.000005.db;lubm-ex-20_disjoint.owl;pos250_prob_0.4;;;75671;0.12999987602233887;10;2.4119999408721924;14395;0.38699984550476074;2.929999828338623;37088;3.051999807357788;17459;31854;0.09100008010864258;88.92000007629395;0
University0_p_0.00001.db;lubm-ex-20_disjoint.owl;pos250_prob_0.4;;;75678;0.1830000877380371;22;2.740999937057495;2046;0.4179999828338623;3.3420000076293945;37116;2.7100000381469727;3907;5953;0.15700006484985352;130.95700001716614;0
University0_p_0.000005.db;lubm-ex-20_disjoint.owl;pos750_prob_0.3;;;75671;0.19700002670288086;7;3.437999963760376;9481;0.7110002040863037;4.3460001945495605;37088;2.315000057220459;13078;22559;0.2869999408721924;96.20199990272522;0
University0_p_0.00001.db;lubm-ex-20_disjoint.owl;pos750_prob_0.3;;;75678;0.2480001449584961;2;2.437999963760376;5166;0.5320000648498535;3.2180001735687256;37116;2.305999994277954;8296;13462;0.2999999523162842;114.86199998855591;0
University0_p_0.000005.db;lubm-ex-20_disjoint.owl;pos750_prob_0.4;;;75671;0.3229999542236328;13;2.609999895095825;1034;0.7960000038146973;3.7289998531341553;37088;2.0920000076293945;2117;3151;0.36699986457824707;137.00299978256226;0
University0_p_0.00001.db;lubm-ex-20_disjoint.owl;pos750_prob_0.4;;;75678;0.19499993324279785;1;2.569000005722046;6137;0.621999979019165;3.385999917984009;37116;2.7869999408721924;9665;15802;0.2239999771118164;112.50999999046326;0
University0_p_0.000005.db;lubm-ex-20_disjoint.owl;pos1000_prob_0.3;;;75671;0.24900007247924805;1;2.4779999256134033;8582;0.8510000705718994;3.578000068664551;37088;2.1740000247955322;12232;20814;0.37400007247924805;93.80399990081787;0
University0_p_0.00001.db;lubm-ex-20_disjoint.owl;pos1000_prob_0.3;;;75678;0.17400002479553223;1;2.4779999256134033;3415;0.8959999084472656;3.547999858856201;37116;2.17900013923645;5949;9364;0.37599992752075195;114.70899987220764;0
University0_p_0.000005.db;lubm-ex-20_disjoint.owl;pos1000_prob_0.4;;;75671;0.19500017166137695;226;3.4789998531341553;28925;11.625999927520752;15.299999952316284;37088;2.2769999504089355;27229;56154;0.40200018882751465;72.21200013160706;0
University0_p_0.00001.db;lubm-ex-20_disjoint.owl;pos1000_prob_0.4;;;75678;0.21300005912780762;25;2.7290000915527344;3446;1.120999813079834;4.062999963760376;37116;2.3430001735687256;6035;9481;0.44300007820129395;124.58800005912781;0
University0_p_0.000005.db;lubm-ex-20_disjoint.owl;pos2500_prob_0.3;;;75671;0.22500014305114746;1;2.2860000133514404;2428;3.009000062942505;5.521000146865845;37088;2.435999870300293;4437;6865;2.6050000190734863;141.88000011444092;0
University0_p_0.00001.db;lubm-ex-20_disjoint.owl;pos2500_prob_0.3;;;75678;0.2090001106262207;60;3.509000062942505;9545;5.263999938964844;8.98200011253357;37116;2.180999994277954;13262;22807;2.0789999961853027;99.83100008964539;0
University0_p_0.000005.db;lubm-ex-20_disjoint.owl;pos2500_prob_0.4;;;75671;0.4660000801086426;7;2.5299999713897705;12302;3.240000009536743;6.236000061035156;37088;2.2380001544952393;15840;28142;2.2849998474121094;89.04999995231628;0
University0_p_0.00001.db;lubm-ex-20_disjoint.owl;pos2500_prob_0.4;;;75678;0.19800019264221191;80;3.0989999771118164;11856;5.995000123977661;9.293000221252441;37116;2.1419999599456787;15396;27252;1.9170000553131104;92.98699998855591;0
University0_p_0.000005.db;lubm-ex-20_disjoint.owl;pos5000_prob_0.3;;;75671;0.3710000514984131;1;4.88100004196167;4364;10.741999864578247;15.99399995803833;37088;2.421999931335449;7214;11578;9.398000001907349;135.73100018501282;0
University0_p_0.00001.db;lubm-ex-20_disjoint.owl;pos5000_prob_0.3;;;75678;0.3410000801086426;1;2.7300000190734863;15160;10.703999996185303;13.775000095367432;37116;2.3519999980926514;18122;33282;6.343999862670898;95.0809998512268;0
University0_p_0.000005.db;lubm-ex-20_disjoint.owl;pos5000_prob_0.4;;;75671;0.3900001049041748;1;2.3379998207092285;12162;10.634999990463257;13.36299991607666;37088;2.500999927520752;15579;27741;5.83899998664856;105.04800009727478;0
University0_p_0.00001.db;lubm-ex-20_disjoint.owl;pos5000_prob_0.4;;;75678;0.41100001335144043;76;3.490000009536743;7653;15.058000087738037;18.95900011062622;37116;2.375;11251;18904;5.2209999561309814;117.8050000667572;0
University0_p_0.000005.db;lubm-ex-20_disjoint.owl;pos50_prob_0.1;;;75671;0.21599984169006348;433;2.514000177383423;0;0.2739999294281006;3.003999948501587;37088;2.4140000343322754;0;0;6.70199990272522;162.09500002861023;0
University0_p_0.00001.db;lubm-ex-20_disjoint.owl;pos50_prob_0.1;;;75678;0.1660001277923584;345;3.0149998664855957;0;0.3959999084472656;3.5769999027252197;37116;2.5199999809265137;0;218;5.391999959945679;159.15899991989136;218
University0_p_0.000005.db;lubm-ex-20_disjoint.owl;pos50_prob_0.2;;;75671;0.23400020599365234;5;2.244999885559082;0;0.2539999485015869;2.7330000400543213;37088;2.052999973297119;0;0;0.21199989318847656;139.47699999809265;0
University0_p_0.00001.db;lubm-ex-20_disjoint.owl;pos50_prob_0.2;;;75678;0.14499998092651367;5;2.703000068664551;1479;0.20799994468688965;3.055999994277954;37116;2.0989999771118164;2842;4321;0.18000006675720215;129.00400018692017;0
University0_p_0.000005.db;lubm-ex-20_disjoint.owl;pos50_prob_0.3;;;75671;0.18000006675720215;82;2.4010000228881836;3079;0.31999993324279785;2.9010000228881836;37088;2.067000150680542;5558;8637;0.43199992179870605;118.59699988365173;0
University0_p_0.00001.db;lubm-ex-20_disjoint.owl;pos50_prob_0.3;;;75678;0.15000009536743164;107;2.4730000495910645;7469;0.3580000400543213;2.9810001850128174;37116;2.128999948501587;11124;18593;0.45799994468688965;97.19099998474121;0
University0_p_0.000005.db;lubm-ex-20_disjoint.owl;pos50_prob_0.4;;;75671;0.15400004386901855;2;2.2060000896453857;22724;0.24199986457824707;2.6019999980926514;37088;2.0219998359680176;23501;46225;0.06400012969970703;68.62400007247925;0
University0_p_0.00001.db;lubm-ex-20_disjoint.owl;pos50_prob_0.4;;;75678;0.20399999618530273;251;2.5279998779296875;27132;1.0520000457763672;3.7839999198913574;37116;2.0470001697540283;26279;53411;0.24399995803833008;62.51200008392334;0
University0_p_0.000005.db;lubm-ex-20_disjoint.owl;pos50_prob_0.5;;;75671;0.16100001335144043;1;2.2649998664855957;7619;0.19800019264221191;2.624000072479248;37088;2.009999990463257;11125;18744;0.08299994468688965;100.42499995231628;0
University0_p_0.00001.db;lubm-ex-20_disjoint.owl;pos50_prob_0.5;;;75678;0.1680002212524414;6;2.5829999446868896;0;0.2049999237060547;2.9560000896453857;37116;2.065000057220459;0;0;0.09999990463256836;139.89299988746643;0
University0_p_0.000005.db;lubm-ex-20_disjoint.owl;pos50_prob_0.6;;;75671;0.22299981117248535;2;2.3540000915527344;7604;0.2950000762939453;2.871999979019165;37088;2.11899995803833;11143;18747;0.0839998722076416;100.04399991035461;0
University0_p_0.00001.db;lubm-ex-20_disjoint.owl;pos50_prob_0.6;;;75678;0.14500021934509277;1;2.5249998569488525;6028;0.28800010681152344;2.9580001831054688;37116;2.1659998893737793;9254;15282;0.07700014114379883;105.95900011062622;0
University0_p_0.000005.db;lubm-ex-20_disjoint.owl;pos100_prob_0.1;;;75671;0.14800000190734863;19;2.251999855041504;0;0.33100008964538574;2.7309999465942383;37088;2.058000087738037;0;174;0.41700005531311035;139.44000005722046;174
University0_p_0.00001.db;lubm-ex-20_disjoint.owl;pos100_prob_0.1;;;75678;0.1490001678466797;148;2.4010000228881836;0;0.2989997863769531;2.8489999771118164;37116;2.1050000190734863;0;0;2.433000087738037;140.29700016975403;0
University0_p_0.000005.db;lubm-ex-20_disjoint.owl;pos100_prob_0.2;;;75671;0.14899992942810059;1;2.377000093460083;1448;0.27499985694885254;2.800999879837036;37088;2.202000141143799;2866;4314;0.12800002098083496;133.19400000572205;0
University0_p_0.00001.db;lubm-ex-20_disjoint.owl;pos100_prob_0.2;;;75678;0.16200017929077148;371;2.871999979019165;12950;1.1080000400543213;4.142000198364258;37116;2.115000009536743;16279;29307;1.6110000610351562;88.44700002670288;78
University0_p_0.000005.db;lubm-ex-20_disjoint.owl;pos100_prob_0.3;;;75671;0.16299986839294434;4;2.3370001316070557;9789;0.2849998474121094;2.7849998474121094;37088;2.1470000743865967;13452;23241;0.09800004959106445;95.36099982261658;0
University0_p_0.00001.db;lubm-ex-20_disjoint.owl;pos100_prob_0.3;;;75678;0.16900014877319336;2;2.317999839782715;4469;0.3490002155303955;2.8360002040863037;37116;2.440999984741211;7466;12091;0.11599993705749512;116.00300002098083;156
University0_p_0.000005.db;lubm-ex-20_disjoint.owl;pos100_prob_0.4;;;75671;0.1700000762939453;57;2.2720000743865967;2257;0.247999906539917;2.690000057220459;37088;2.0320000648498535;4252;6509;0.30900001525878906;122.55200004577637;0
University0_p_0.00001.db;lubm-ex-20_disjoint.owl;pos100_prob_0.4;;;75678;0.1659998893737793;1;2.3970000743865967;2226;0.2070000171661377;2.7699999809265137;37116;2.07099986076355;4125;6351;0.0820000171661377;122.11700010299683;0
University0_p_0.000005.db;lubm-ex-20_disjoint.owl;pos100_prob_0.5;;;75671;0.16200017929077148;8;2.302999973297119;21952;0.27300000190734863;2.739000082015991;37088;2.0959999561309814;22882;44834;0.0690000057220459;71.02900004386902;0
University0_p_0.000005.db;lubm-ex-20_disjoint.owl;pos100_prob_0.6;;;75671;0.15799999237060547;7;2.2919998168945312;11443;0.3560001850128174;2.805999994277954;37088;2.1579999923706055;14980;26423;0.07299995422363281;84.97699999809265;0
University0_p_0.00001.db;lubm-ex-20_disjoint.owl;pos100_prob_0.5;;;75678;0.1640000343322754;1;2.4119999408721924;742;0.25999999046325684;2.8359999656677246;37116;2.0920000076293945;1530;2272;0.0989999771118164;132.57299995422363;0
University0_p_0.00001.db;lubm-ex-20_disjoint.owl;pos100_prob_0.6;;;75678;0.1660001277923584;1;2.9159998893737793;11966;0.24300003051757812;3.325000047683716;37116;2.307000160217285;15335;27301;0.0690000057220459;88.00200009346008;0
University0_p_0.000005.db;lubm-ex-20_disjoint.owl;pos250_prob_0.1;;;75671;0.15599989891052246;3;2.2660000324249268;3973;0.2569999694824219;2.678999900817871;37088;2.7150001525878906;6820;10793;0.17600011825561523;119.3050000667572;0
University0_p_0.00001.db;lubm-ex-20_disjoint.owl;pos250_prob_0.1;;;75678;0.15400004386901855;86;2.4639999866485596;0;0.2819998264312744;2.8999998569488525;37116;2.197000026702881;0;162;2.7029998302459717;140.62199997901917;162
University0_p_0.000005.db;lubm-ex-20_disjoint.owl;pos250_prob_0.2;;;75671;0.21000003814697266;2;2.315999984741211;292;0.2569999694824219;2.7829999923706055;37088;2.1089999675750732;622;996;0.13299989700317383;135.50899982452393;82
University0_p_0.000005.db;lubm-ex-20_disjoint.owl;pos250_prob_0.3;;;75671;0.24300003051757812;151;2.736999988555908;10945;0.9179999828338623;3.8980000019073486;37088;2.881999969482422;14436;25381;0.5120000839233398;87.01300001144409;0
University0_p_0.00001.db;lubm-ex-20_disjoint.owl;pos250_prob_0.2;;;75678;0.13499999046325684;3;2.382999897003174;325;0.315000057220459;2.8329999446868896;37116;2.065999984741211;707;1032;0.13000011444091797;141.67300009727478;0
University0_p_0.000005.db;lubm-ex-20_disjoint.owl;pos250_prob_0.4;;;75671;0.15600013732910156;4;2.38100004196167;8731;0.28999996185302734;2.827000141143799;37088;2.13100004196167;12523;21254;0.08599996566772461;96.67199993133545;0
University0_p_0.00001.db;lubm-ex-20_disjoint.owl;pos250_prob_0.3;;;75678;0.15799999237060547;11;2.390000104904175;595;0.24900007247924805;2.7970001697540283;37116;2.0399999618530273;1268;1863;0.1679999828338623;131.7039999961853;0
University0_p_0.000005.db;lubm-ex-20_disjoint.owl;pos250_prob_0.5;;;75671;0.20099997520446777;4;2.239000082015991;15359;0.33099985122680664;2.7709999084472656;37088;2.119999885559082;18019;33378;0.07599997520446777;77.12400007247925;0
University0_p_0.00001.db;lubm-ex-20_disjoint.owl;pos250_prob_0.4;;;75678;0.15999984741210938;1;2.3540000915527344;7148;0.2630000114440918;2.7769999504089355;37116;1.9700000286102295;10688;17836;0.07299995422363281;102.23699998855591;0
University0_p_0.000005.db;lubm-ex-20_disjoint.owl;pos250_prob_0.6;;;75671;0.24300003051757812;1;3.7839999198913574;5775;0.3489999771118164;4.375999927520752;37088;2.3949999809265137;9008;14783;0.09800004959106445;105.50200009346008;0
University0_p_0.00001.db;lubm-ex-20_disjoint.owl;pos250_prob_0.5;;;75678;0.13899993896484375;1;2.453000068664551;5157;0.33699989318847656;2.928999900817871;37116;2.1419999599456787;8383;13540;0.07300019264221191;107.95700001716614;0
University0_p_0.000005.db;lubm-ex-20_disjoint.owl;pos500_prob_0.1;;;75671;0.20300006866455078;1;2.7200000286102295;9251;0.44099998474121094;3.364000082015991;37088;2.434999942779541;12806;22057;0.14599990844726562;91.63199996948242;0
University0_p_0.000005.db;lubm-ex-20_disjoint.owl;pos500_prob_0.2;;;75671;0.15000009536743164;7;2.744999885559082;8104;0.5559999942779541;3.4509999752044678;37088;2.2209999561309814;11540;19644;0.18700003623962402;98.18499994277954;0
University0_p_0.00001.db;lubm-ex-20_disjoint.owl;pos250_prob_0.6;;;75678;0.16899991035461426;42;2.509999990463257;3927;0.34800004959106445;3.0269999504089355;37116;2.3329999446868896;6661;10588;0.16200017929077148;115.04299998283386;0
University0_p_0.000005.db;lubm-ex-20_disjoint.owl;pos500_prob_0.3;;;75671;0.1770000457763672;3;2.3409998416900635;6970;0.3970000743865967;2.9149999618530273;37088;2.115000009536743;10526;17496;0.125;103.23900008201599;0
University0_p_0.00001.db;lubm-ex-20_disjoint.owl;pos500_prob_0.1;;;75678;0.2690000534057617;3;3.9609999656677246;300;0.46200013160705566;4.692000150680542;37116;2.435999870300293;652;1034;0.26200008392333984;138.86800003051758;82
University0_p_0.000005.db;lubm-ex-20_disjoint.owl;pos500_prob_0.4;;;75671;0.14299988746643066;1;2.247000217437744;8503;0.47299981117248535;2.86299991607666;37088;1.9920001029968262;12170;20673;0.13099980354309082;97.09899997711182;0
University0_p_0.00001.db;lubm-ex-20_disjoint.owl;pos500_prob_0.2;;;75678;0.2839999198913574;64;2.4769999980926514;4663;0.5829999446868896;3.3439998626708984;37116;2.0739998817443848;7663;12326;0.6180000305175781;112.75499987602234;0
University0_p_0.000005.db;lubm-ex-20_disjoint.owl;pos500_prob_0.5;;;75671;0.17799997329711914;2;2.4830000400543213;13736;0.4759998321533203;3.1369998455047607;37088;2.1659998893737793;17001;30737;0.14100003242492676;82.23199987411499;0
University0_p_0.000005.db;lubm-ex-20_disjoint.owl;pos500_prob_0.6;;;75671;0.28299999237060547;3;2.86899995803833;13179;0.440000057220459;3.5920000076293945;37088;2.6530001163482666;16385;29564;0.13400006294250488;82.00500011444092;0
University0_p_0.00001.db;lubm-ex-20_disjoint.owl;pos500_prob_0.3;;;75678;0.16699981689453125;2;2.380000114440918;4577;0.3959999084472656;2.942999839782715;37116;2.072999954223633;7554;12131;0.1380000114440918;113.60600018501282;0
University0_p_0.000005.db;lubm-ex-20_disjoint.owl;pos750_prob_0.1;;;75671;0.1639997959136963;1;2.314000129699707;9677;0.6410000324249268;3.11899995803833;37088;2.1410000324249268;13342;23019;0.2539999485015869;94.875;0
University0_p_0.00001.db;lubm-ex-20_disjoint.owl;pos500_prob_0.4;;;75678;0.16900014877319336;33;2.3519999980926514;2955;0.5239999294281006;3.0450000762939453;37116;2.759999990463257;5408;8363;0.21400022506713867;124.2590000629425;0
University0_p_0.000005.db;lubm-ex-20_disjoint.owl;pos750_prob_0.2;;;75671;0.182999849319458;3;2.5250000953674316;1634;0.5329999923706055;3.240999937057495;37088;2.049999952316284;3139;4773;0.2869999408721924;126.51699995994568;0
University0_p_0.00001.db;lubm-ex-20_disjoint.owl;pos500_prob_0.5;;;75678;0.17100000381469727;1;2.427999973297119;8648;0.43900012969970703;3.0380001068115234;37116;2.0959999561309814;12169;20817;0.12600016593933105;93.5310001373291;0
University0_p_0.000005.db;lubm-ex-20_disjoint.owl;pos750_prob_0.3;;;75671;0.14599990844726562;7;2.2970001697540283;8129;0.6519999504089355;3.0950000286102295;37088;2.065999984741211;11650;19779;0.3020000457763672;100.15000009536743;0
University0_p_0.00001.db;lubm-ex-20_disjoint.owl;pos500_prob_0.6;;;75678;0.13699984550476074;1;2.9880001544952393;1324;0.43899989128112793;3.563999891281128;37116;2.0820000171661377;2533;3857;0.13000011444091797;132.87599992752075;0
University0_p_0.000005.db;lubm-ex-20_disjoint.owl;pos750_prob_0.4;;;75671;0.1789999008178711;1;2.2799999713897705;5104;0.5130000114440918;2.9719998836517334;37088;2.072000026702881;8254;13358;0.2389998435974121;110.43699979782104;0
University0_p_0.00001.db;lubm-ex-20_disjoint.owl;pos750_prob_0.1;;;75678;0.20099997520446777;38;2.490000009536743;416;0.5139999389648438;3.2049999237060547;37116;1.9779999256134033;907;1323;1.5320000648498535;137.0;0
University0_p_0.000005.db;lubm-ex-20_disjoint.owl;pos750_prob_0.5;;;75671;0.21600008010864258;80;2.4549999237060547;8731;1.430999994277954;4.101999998092651;37088;2.065999984741211;12362;21093;0.29200005531311035;99.88299989700317;0
University0_p_0.00001.db;lubm-ex-20_disjoint.owl;pos750_prob_0.2;;;75678;0.14699983596801758;89;2.5360000133514404;8708;1.558000087738037;4.240999937057495;37116;2.1500000953674316;12471;21179;0.6909999847412109;98.81699991226196;0
University0_p_0.000005.db;lubm-ex-20_disjoint.owl;pos750_prob_0.6;;;75671;0.20100021362304688;1;2.242999792098999;4812;0.5429999828338623;2.986999988555908;37088;2.115999937057495;7863;12675;0.21499991416931152;111.99699997901917;0
University0_p_0.00001.db;lubm-ex-20_disjoint.owl;pos750_prob_0.3;;;75678;0.1640000343322754;42;2.627000093460083;5283;0.8090000152587891;3.6000001430511475;37116;2.1610000133514404;8588;13871;0.38499999046325684;109.67499995231628;0
University0_p_0.000005.db;lubm-ex-20_disjoint.owl;pos1000_prob_0.1;;;75671;0.17600011825561523;6;2.385999917984009;11540;0.7250001430511475;3.2870001792907715;37088;2.0870001316070557;15007;26566;0.4530000686645508;89.78400015830994;19
University0_p_0.00001.db;lubm-ex-20_disjoint.owl;pos750_prob_0.4;;;75678;0.16199994087219238;1;2.634000062942505;7653;0.6869997978210449;3.482999801635742;37116;2.320000171661377;11192;18845;0.20399999618530273;101.77100014686584;0
University0_p_0.000005.db;lubm-ex-20_disjoint.owl;pos1000_prob_0.2;;;75671;0.15799999237060547;3;2.25;9522;0.8889999389648438;3.296999931335449;37088;2.2649998664855957;13171;22693;0.4509999752044678;96.1710000038147;0
University0_p_0.000005.db;lubm-ex-20_disjoint.owl;pos1000_prob_0.3;;;75671;0.28299999237060547;1;2.6630001068115234;14417;0.8839998245239258;3.8299999237060547;37088;2.2820000648498535;17425;31842;0.3959999084472656;79.69400000572205;0
University0_p_0.00001.db;lubm-ex-20_disjoint.owl;pos750_prob_0.5;;;75678;0.1660001277923584;10;2.4760000705718994;741;0.5929999351501465;3.2350001335144043;37116;2.1080000400543213;1512;2253;0.2739999294281006;139.14299988746643;0
University0_p_0.000005.db;lubm-ex-20_disjoint.owl;pos1000_prob_0.4;;;75671;0.1660001277923584;2;2.317999839782715;1337;0.7930002212524414;3.2770001888275146;37088;2.113999843597412;2621;3958;0.40400004386901855;129.48300004005432;0
University0_p_0.00001.db;lubm-ex-20_disjoint.owl;pos750_prob_0.6;;;75678;0.15699982643127441;1;2.4260001182556152;5713;0.6310000419616699;3.2139999866485596;37116;2.186000108718872;9044;14757;0.39299988746643066;104.50799989700317;0
University0_p_0.000005.db;lubm-ex-20_disjoint.owl;pos1000_prob_0.5;;;75671;0.1640000343322754;1;2.4129998683929443;9151;0.8410000801086426;3.4179999828338623;37088;2.111999988555908;12804;21955;0.375;96.87000012397766;0
University0_p_0.00001.db;lubm-ex-20_disjoint.owl;pos1000_prob_0.1;;;75678;0.17299985885620117;2;2.562999963760376;2897;0.7990000247955322;3.5349998474121094;37116;2.2890000343322754;5099;7996;0.41499996185302734;124.7170000076294;0
University0_p_0.000005.db;lubm-ex-20_disjoint.owl;pos1000_prob_0.6;;;75671;0.1639997959136963;3;2.3960001468658447;11884;0.9059998989105225;3.4659998416900635;37088;2.0859999656677246;15155;27039;0.3450000286102295;91.33299994468689;0
University0_p_0.00001.db;lubm-ex-20_disjoint.owl;pos1000_prob_0.2;;;75678;0.15700006484985352;80;2.7049999237060547;2877;1.1760001182556152;4.038000106811523;37116;2.062000036239624;5301;8178;1.0550000667572021;127.86700010299683;0
University0_p_0.000005.db;lubm-ex-20_disjoint.owl;pos2500_prob_0.1;;;75671;0.22799992561340332;6;2.437000036239624;308;3.0309998989105225;5.69599986076355;37088;2.1679999828338623;655;963;2.509000062942505;146.07699990272522;0
University0_p_0.00001.db;lubm-ex-20_disjoint.owl;pos1000_prob_0.3;;;75678;0.17199993133544922;48;2.502000093460083;8607;1.6070001125335693;4.2820000648498535;37116;2.074000120162964;12119;20726;0.42100000381469727;97.19799995422363;0
University0_p_0.000005.db;lubm-ex-20_disjoint.owl;pos2500_prob_0.2;;;75671;0.22099995613098145;1;2.2790000438690186;7200;3.111999988555908;5.61299991607666;37088;2.124000072479248;10770;17970;2.4149999618530273;108.69799995422363;0
University0_p_0.00001.db;lubm-ex-20_disjoint.owl;pos1000_prob_0.4;;;75678;0.1640000343322754;44;3.681999921798706;6611;1.75;5.5959999561309814;37116;2.427999973297119;10034;16645;0.9509999752044678;105.78399991989136;0
University0_p_0.000005.db;lubm-ex-20_disjoint.owl;pos2500_prob_0.3;;;75671;0.20199990272521973;1;2.324000120162964;12932;3.309000015258789;5.835000038146973;37088;2.131999969482422;16288;29220;2.447000026702881;91.49799990653992;0
University0_p_0.00001.db;lubm-ex-20_disjoint.owl;pos1000_prob_0.5;;;75678;0.1510000228881836;2;2.4720001220703125;2697;0.7709999084472656;3.3940000534057617;37116;1.9769999980926514;4923;7620;0.39800000190734863;129.16799998283386;0
University0_p_0.000005.db;lubm-ex-20_disjoint.owl;pos2500_prob_0.4;;;75671;0.2090001106262207;5;2.248999834060669;9925;3.00600004196167;5.46399998664856;37088;2.3380000591278076;13492;23417;1.7789998054504395;98.74799990653992;0
University0_p_0.00001.db;lubm-ex-20_disjoint.owl;pos1000_prob_0.6;;;75678;0.17600011825561523;1;2.4700000286102295;5395;0.7989997863769531;3.444999933242798;37116;2.065000057220459;8685;14080;0.33899998664855957;111.10199999809265;0
University0_p_0.000005.db;lubm-ex-20_disjoint.owl;pos2500_prob_0.5;;;75671;0.22300004959106445;1;2.378999948501587;15844;3.011000156402588;5.613000154495239;37088;2.3530001640319824;18696;34540;2.3440001010894775;86.50200009346008;0
University0_p_0.00001.db;lubm-ex-20_disjoint.owl;pos2500_prob_0.1;;;75678;0.2239999771118164;37;2.7920000553131104;4574;3.310999870300293;6.32699990272522;37116;2.178999900817871;7483;12057;2.751999855041504;121.73799991607666;0
University0_p_0.000005.db;lubm-ex-20_disjoint.owl;pos2500_prob_0.6;;;75671;0.247999906539917;4;2.263000011444092;10765;2.927999973297119;5.438999891281128;37088;2.373000144958496;14368;25133;3.625;94.7960000038147;0
University0_p_0.00001.db;lubm-ex-20_disjoint.owl;pos2500_prob_0.2;;;75678;0.19000005722045898;69;3.1549999713897705;8292;5.7850000858306885;9.130000114440918;37116;2.251000165939331;11824;20116;2.4089999198913574;116.63800001144409;0
University0_p_0.000005.db;lubm-ex-20_disjoint.owl;pos5000_prob_0.1;;;75671;0.4049999713897705;1;2.577000141143799;3394;13.510999917984009;16.493000030517578;37088;3.736999988555908;5858;9252;9.740999937057495;147.05999994277954;0
University0_p_0.00001.db;lubm-ex-20_disjoint.owl;pos2500_prob_0.3;;;75678;0.21799993515014648;40;2.5869998931884766;3594;3.449000120162964;6.253999948501587;37116;2.2139999866485596;6191;9785;2.1549999713897705;134.00999999046326;0
University0_p_0.000005.db;lubm-ex-20_disjoint.owl;pos5000_prob_0.2;;;75671;0.2969999313354492;4;2.4040000438690186;14183;11.055000066757202;13.75600004196167;37088;2.3950002193450928;17149;31332;11.11299991607666;108.48999977111816;0
University0_p_0.00001.db;lubm-ex-20_disjoint.owl;pos2500_prob_0.4;;;75678;0.2349998950958252;55;3.2850000858306885;7490;4.4730000495910645;7.993000030517578;37116;2.0899999141693115;11037;18527;2.0290000438690186;140.65000009536743;0
University0_p_0.000005.db;lubm-ex-20_disjoint.owl;pos5000_prob_0.3;;;75671;0.3450000286102295;153;5.391999959945679;16897;28.43499994277954;34.17199993133545;37088;2.3440001010894775;19453;36350;7.9750001430511475;122.87600016593933;0
University0_p_0.00001.db;lubm-ex-20_disjoint.owl;pos2500_prob_0.5;;;75678;0.24400019645690918;10;2.6019999980926514;1054;2.9099998474121094;5.756999969482422;37116;2.240999937057495;2154;3208;2.3460001945495605;184.35600018501282;0
University0_p_0.000005.db;lubm-ex-20_disjoint.owl;pos5000_prob_0.4;;;75671;0.38899993896484375;197;6.881999969482422;21931;43.83899998664856;51.109999895095825;37088;2.371999979019165;23038;44969;6.8480000495910645;129.5640001296997;0
University0_p_0.00001.db;lubm-ex-20_disjoint.owl;pos2500_prob_0.6;;;75678;0.2330000400543213;76;3.1459999084472656;8117;5.11899995803833;8.497999906539917;37116;2.119999885559082;11677;19794;1.693000078201294;116.61100006103516;0
University0_p_0.000005.db;lubm-ex-20_disjoint.owl;pos5000_prob_0.5;;;75671;0.3379998207092285;6;2.371000051498413;20464;11.80400013923645;14.513000011444092;37088;2.3359999656677246;21999;42463;5.853000164031982;89.77900004386902;0
University0_p_0.00001.db;lubm-ex-20_disjoint.owl;pos5000_prob_0.1;;;75678;0.3529999256134033;18;2.809999942779541;1144;10.665000200271606;13.82800006866455;37116;2.3389999866485596;2260;3404;10.056999921798706;167.375;0
University0_p_0.000005.db;lubm-ex-20_disjoint.owl;pos5000_prob_0.6;;;75671;0.9490001201629639;1;3.879999876022339;159;12.716000080108643;17.545000076293945;37088;2.672999858856201;353;512;8.05400013923645;168.0770001411438;0
University0_p_0.00001.db;lubm-ex-20_disjoint.owl;pos5000_prob_0.2;;;75678;0.3299999237060547;69;3.312999963760376;9494;14.807000160217285;18.450000047683716;37116;2.4200000762939453;13156;22650;8.10700011253357;111.08400011062622;0
University0_p_0.00001.db;lubm-ex-20_disjoint.owl;pos5000_prob_0.3;;;75678;0.375;1;2.6690001487731934;75;9.930000066757202;12.974000215530396;37116;2.196000099182129;169;244;8.230000019073486;149.57599997520447;0
University0_p_0.00001.db;lubm-ex-20_disjoint.owl;pos5000_prob_0.4;;;75678;0.24500012397766113;1;2.6089999675750732;5300;9.999000072479248;12.854000091552734;37116;2.2749998569488525;8434;13734;6.1529998779296875;117.76300001144409;0
University0_p_0.00001.db;lubm-ex-20_disjoint.owl;pos5000_prob_0.5;;;75678;0.3860001564025879;64;3.1429998874664307;8323;11.946000099182129;15.475000143051147;37116;2.2109999656677246;11815;20138;6.841000080108643;109.4539999961853;0
University0_p_0.00001.db;lubm-ex-20_disjoint.owl;pos5000_prob_0.6;;;75678;0.3789999485015869;81;5.273000001907349;10965;14.305999994277954;19.95799994468689;37116;2.190000057220459;14470;25435;4.361000061035156;105.55999994277954;0
